height,width,area,max_row,min_row,mean,median,hw_ratio,burst
35,71,2485,103,68,0.7000183332185804,0.43305189869203764,0.49295774647887325,1
23,68,1564,164,141,0.9546862525106257,0.3660844050891876,0.3382352941176471,1
25,34,850,133,108,0.5280306693134608,0.3287864318818732,0.7352941176470589,0
21,92,1932,107,86,0.46526954941884235,0.13983165954350021,0.22826086956521738,0
16,49,784,106,90,0.537849698771463,0.258783485549124,0.32653061224489793,0
31,143,4433,109,78,0.5333258214786544,0.20593635028363674,0.21678321678321677,0
23,159,3657,129,106,0.7173958392279517,0.6546092036149123,0.14465408805031446,0
17,96,1632,149,132,0.6509485960730721,0.13502896621103994,0.17708333333333334,0
16,105,1680,105,89,0.6045567293152938,0.5227402210157894,0.1523809523809524,0
19,49,931,119,100,0.5497226838811035,0.24311735433784673,0.3877551020408163,0
18,48,864,105,87,0.5643620506023476,0.25464588751065,0.375,0
28,80,2240,114,86,0.5614805658313974,0.2140916484666527,0.35,0
32,217,6944,129,97,0.5662722139865282,0.4358005881690699,0.14746543778801843,0
11,57,627,126,115,0.6315872531182515,0.6210368420709943,0.19298245614035087,0
12,57,684,127,115,0.5968619141192748,0.5818339928724542,0.21052631578947367,0
27,107,2889,116,89,0.6552231591404436,0.364306691908576,0.2523364485981308,0
11,66,726,128,117,0.6779651807861977,0.6328992524956507,0.16666666666666666,0
25,77,1925,105,80,0.5505919603925085,0.23638780994087752,0.3246753246753247,0
14,60,840,135,121,0.7034144378393867,0.19092685849491303,0.23333333333333334,0
16,41,656,111,95,0.617128559695993,0.3054272621338029,0.3902439024390244,0
34,148,5032,114,80,0.6769781011067899,0.34629338400861864,0.22972972972972974,0
24,130,3120,101,77,0.5824502293484831,0.322510408272977,0.18461538461538463,0
12,62,744,123,111,0.6259665993523558,0.4301178795918559,0.1935483870967742,0
32,155,4960,104,72,0.6578572968375871,0.49676888659980095,0.2064516129032258,0
18,51,918,149,131,0.7248065562295344,0.0,0.35294117647058826,0
12,53,636,128,116,0.6837146382000031,0.5531391654817747,0.22641509433962265,0
34,581,19754,103,69,0.5896919852678002,0.29713260319619383,0.058519793459552494,0
53,142,7526,124,71,0.614506569193346,0.36657982928079125,0.3732394366197183,0
13,61,793,128,115,0.729614530313354,0.8207661788493175,0.21311475409836064,0
31,100,3100,102,71,0.6200882316068242,0.4555867682705415,0.31,0
17,55,935,115,98,0.6752962353040102,0.18369217109029287,0.3090909090909091,0
20,121,2420,102,82,0.5776896634961176,0.3060130741788421,0.1652892561983471,0
83,237,19671,113,30,0.6648754243185927,0.4261766015893003,0.350210970464135,0
12,53,636,123,111,0.7876484081968566,0.4222559316492419,0.22641509433962265,0
18,84,1512,126,108,0.766165198074207,0.4868157378750599,0.21428571428571427,0
13,80,1040,122,109,0.5897726988009999,0.34787624377469745,0.1625,0
11,73,803,129,118,0.7557709187622798,0.6767702366691445,0.1506849315068493,0
19,82,1558,116,97,0.7797036542650149,0.17046495793119162,0.23170731707317074,0
25,127,3175,116,91,0.6522147637803679,0.1374030913346083,0.1968503937007874,0
12,70,840,130,118,0.6329471735272635,0.4239737144445338,0.17142857142857143,0
36,160,5760,123,87,0.47367953034487287,0.008304834363902844,0.225,0
29,102,2958,115,86,0.5758791611827224,0.23919137671443752,0.28431372549019607,0
14,76,1064,126,112,0.7521011756368298,0.642095788478073,0.18421052631578946,0
71,142,10082,102,31,0.749911072486818,0.5437620154424387,0.5,0
93,196,18228,124,31,0.5527113208616848,0.20884196210251166,0.4744897959183674,0
37,48,1776,124,87,0.9179021473868547,0.28087152960284506,0.7708333333333334,0
16,63,1008,114,98,1.1487892624127611,0.1817762775829523,0.25396825396825395,0
11,55,605,127,116,0.8647078821260695,0.8160396981751795,0.2,0
11,64,704,127,116,0.7496402470487454,0.6758677963547951,0.171875,0
30,126,3780,103,73,0.8289838309348244,0.5639867991726093,0.23809523809523808,0
32,92,2944,121,89,0.9263675827162837,0.17924521654915923,0.34782608695652173,0
27,85,2295,116,89,0.9588215836561055,0.32014256071926345,0.3176470588235294,0
12,56,672,118,106,0.9100769616082212,0.35759447487908036,0.21428571428571427,0
13,50,650,123,110,0.659914344574397,0.31371773201934766,0.26,0
10,65,650,101,91,0.5955929861596712,0.2300623134811093,0.15384615384615385,0
15,62,930,102,87,0.5599412471767121,0.22307556523166167,0.24193548387096775,0
16,105,1680,101,85,0.6053111641980246,0.34869371987147213,0.1523809523809524,0
12,54,648,122,110,0.546647848909969,0.3053251213848155,0.2222222222222222,0
32,78,2496,106,74,0.5401161707572274,0.2446018682352815,0.41025641025641024,0
12,55,660,97,85,0.5650214105777376,0.38779340698795434,0.21818181818181817,0
87,132,11484,117,30,0.6976104325188395,0.5425354964728066,0.6590909090909091,0
74,218,16132,104,30,0.5852506563369969,0.37809840698247044,0.3394495412844037,0
18,99,1782,131,113,0.5807291441855917,0.5083947602531953,0.18181818181818182,0
59,434,25606,131,72,0.5613707778865594,0.4426552814768373,0.1359447004608295,0
22,149,3278,131,109,0.6784531408082333,0.6858484980104312,0.1476510067114094,0
13,85,1105,124,111,0.6195979864734616,0.5998273022033321,0.15294117647058825,0
31,786,24366,130,99,0.9061143469232115,0.937455326043967,0.039440203562340966,0
72,273,19656,102,30,0.7680340283972764,0.6717017263899492,0.26373626373626374,0
14,71,994,101,87,0.7356000659853915,0.5261923491048204,0.19718309859154928,0
18,128,2304,129,111,0.6140789315503927,0.5576184537589499,0.140625,0
11,76,836,121,110,0.8278237100410722,0.5175929387946937,0.14473684210526316,0
15,82,1230,101,86,0.751829627763797,0.5385461775567167,0.18292682926829268,0
12,54,648,123,111,0.7586391138879974,0.5051682137698491,0.2222222222222222,0
44,248,10912,131,87,0.7085820066599767,0.5792562314504259,0.1774193548387097,0
70,188,13160,101,31,0.9452960142613338,0.837265608787696,0.3723404255319149,0
72,139,10008,102,30,0.7431398191945712,0.5807681985068831,0.5179856115107914,0
72,165,11880,102,30,0.9354555797289098,0.7895698685469692,0.43636363636363634,0
72,87,6264,102,30,0.8012839691973621,0.6446778954881882,0.8275862068965517,0
14,71,994,124,110,0.7424415852286268,0.5387394556909196,0.19718309859154928,0
76,78,5928,106,30,0.6416718409464257,0.49101433926725596,0.9743589743589743,0
73,203,14819,103,30,0.7160528012100846,0.5709860949703035,0.35960591133004927,0
69,275,18975,100,31,0.6823443498222937,0.5740268236434525,0.2509090909090909,0
35,275,9625,100,65,0.5183284965999586,0.2168689402508395,0.12727272727272726,0
36,178,6408,104,68,0.5309663874636945,0.2049008498661674,0.20224719101123595,0
42,322,13524,111,69,0.5603375266580027,0.38366255977913705,0.13043478260869565,0
22,55,1210,120,98,0.7223654132496306,0.07858365474649091,0.4,0
41,260,10660,111,70,0.5500377555997266,0.34493680726790027,0.1576923076923077,0
19,62,1178,120,101,0.7124642543089698,0.2236343234737059,0.3064516129032258,0
17,74,1258,127,110,0.5776357189096152,0.42972354675459024,0.22972972972972974,0
80,179,14320,111,31,0.5138540731694755,0.2565475939048064,0.44692737430167595,0
13,67,871,121,108,0.7370515816110258,0.36358009081678694,0.19402985074626866,0
34,373,12682,103,69,0.4980539194893764,0.20870722965918245,0.09115281501340483,0
123,316,38868,187,64,1.4181697413959735,0.9793736385734239,0.38924050632911394,0
123,316,38868,187,64,1.4181697413959735,0.9793736385734239,0.38924050632911394,1
17,37,629,158,141,0.4489398196070283,0.0,0.4594594594594595,0
43,764,32852,101,58,0.4894699152338631,0.2881581593617152,0.056282722513089,0
10,61,610,95,85,0.5362071724630816,0.26030002235702027,0.16393442622950818,0
36,335,12060,104,68,0.6152169658083597,0.419252595402517,0.10746268656716418,0
13,63,819,91,78,0.5217929486847933,0.3077397280784176,0.20634920634920634,0
45,388,17460,76,31,0.5477270094090558,0.26514771762188005,0.11597938144329897,0
54,134,7236,108,54,0.6470158331785275,0.3262472735341605,0.40298507462686567,0
25,62,1550,127,102,0.6235466865012963,0.28299853629559474,0.4032258064516129,0
64,127,8128,133,69,0.4947023794330842,0.19606322392904313,0.5039370078740157,0
23,43,989,109,86,0.5173296719420285,0.22320653155145012,0.5348837209302325,0
31,101,3131,117,86,0.8147508402815308,0.18958574839762288,0.3069306930693069,0
13,92,1196,186,173,0.6171759460301152,0.12042714838942781,0.14130434782608695,0
20,91,1820,109,89,0.5025853350034266,0.1460081479325423,0.21978021978021978,0
46,280,12880,120,74,0.4443487223589689,0.051214034548511506,0.16428571428571428,0
83,369,30627,113,30,0.4577084282008238,0.0778355532401762,0.22493224932249323,0
15,93,1395,65,50,0.5087951629608887,0.3439833495417534,0.16129032258064516,0
13,62,806,125,112,0.5360795786295843,0.24333308346706464,0.20967741935483872,0
16,58,928,48,32,0.5101231172652096,0.3393231201851488,0.27586206896551724,0
15,85,1275,101,86,0.5756359290873871,0.4250009417407414,0.17647058823529413,0
10,63,630,132,122,0.5340198352364299,0.43312799938909696,0.15873015873015872,0
38,87,3306,110,72,0.45283473857945017,0.14439482861929276,0.4367816091954023,0
17,119,2023,103,86,0.4785890346764082,0.11217589035592163,0.14285714285714285,0
60,85,5100,118,58,0.5213144365157761,0.24564678561808836,0.7058823529411765,0
22,72,1584,122,100,0.5973059489801982,0.257179754978377,0.3055555555555556,0
29,68,1972,131,102,0.4872952869917837,0.28379738918994635,0.4264705882352941,0
34,37,1258,176,142,0.489000354355292,0.2882577041954438,0.918918918918919,0
13,52,676,154,141,0.44944478990816217,0.060169621938111185,0.25,0
13,87,1131,56,43,0.5012403187203136,0.2855624119251023,0.14942528735632185,0
0,0,0,0,0,0.0,0.0,0.0,0
24,91,2184,66,42,0.4943240092834149,0.23863024681595846,0.26373626373626374,0
12,58,696,187,175,0.6612165458339003,0.03048830373562267,0.20689655172413793,0
34,756,25704,69,35,0.5786654828025093,0.3361887846004827,0.04497354497354497,0
33,837,27621,65,32,0.5613189699895234,0.3219956591732957,0.03942652329749104,0
13,87,1131,76,63,0.5175915608229797,0.3065493444425669,0.14942528735632185,0
35,458,16030,69,34,0.49025450176287916,0.16000664767376527,0.07641921397379912,0
36,490,17640,69,33,0.5407001306611188,0.2949245334643752,0.07346938775510205,0
13,49,637,159,146,0.47444758440134155,0.07636187781219235,0.2653061224489796,0
36,1004,36144,69,33,0.6466688476059812,0.48355322459754896,0.035856573705179286,0
19,124,2356,139,120,0.488884903659861,0.15313725664093528,0.1532258064516129,0
0,0,0,0,0,0.0,0.0,0.0,0
24,107,2568,187,163,0.6039842748133564,0.0,0.22429906542056074,0
13,78,1014,165,152,0.7208493400010251,0.27470755284347237,0.16666666666666666,0
21,64,1344,64,43,0.5073898497779393,0.14715734835035835,0.328125,0
12,59,708,187,175,0.6873409014275509,0.02743758660821358,0.2033898305084746,0
11,60,660,55,44,0.5081469409534173,0.217416107156719,0.18333333333333332,0
21,90,1890,156,135,0.6146541312580939,0.037808758968951875,0.23333333333333334,0
18,118,2124,63,45,0.5601437837454422,0.23522566379865012,0.15254237288135594,0
11,60,660,54,43,0.5087163544659072,0.32093447592438523,0.18333333333333332,0
38,24,912,187,149,0.44416542354737104,0.0,1.5833333333333333,0
21,59,1239,124,103,0.6180351247316248,0.2145552757619538,0.3559322033898305,0
15,83,1245,126,111,0.5733298872838727,0.15771409568420774,0.18072289156626506,0
17,54,918,134,117,0.6920715630699213,0.07907010145497967,0.3148148148148148,0
22,91,2002,55,33,0.5183937519901618,0.21459216500549194,0.24175824175824176,0
20,68,1360,123,103,0.5552440534958657,0.04663944524696292,0.29411764705882354,0
26,109,2834,57,31,0.6213026258841999,0.357289177844315,0.23853211009174313,0
15,71,1065,131,116,0.7372910924851518,0.07335352436233557,0.2112676056338028,0
16,56,896,98,82,0.7108137560169787,0.5030373672346568,0.2857142857142857,0
13,88,1144,124,111,0.655411437806594,0.18489431000748435,0.14772727272727273,0
19,87,1653,55,36,0.6277489686078597,0.38861103756721727,0.21839080459770116,0
25,114,2850,56,31,0.5773264898310678,0.294176421777491,0.21929824561403508,0
13,90,1170,95,82,0.6552993576359117,0.4473662309647489,0.14444444444444443,0
13,59,767,154,141,0.7245439338298341,0.04953612522600673,0.22033898305084745,0
11,70,770,86,75,0.6682442712170323,0.41799797146254214,0.15714285714285714,0
19,71,1349,128,109,0.6783467496108823,0.20082595808694825,0.2676056338028169,0
31,119,3689,69,38,0.6284248265332049,0.25147565758509544,0.2605042016806723,0
20,96,1920,52,32,0.6539654479363985,0.4365484931797931,0.20833333333333334,0
18,67,1206,129,111,0.5047049972749179,0.05680255401766805,0.26865671641791045,0
21,78,1638,54,33,0.6385466475122321,0.1777229334828494,0.2692307692307692,0
14,75,1050,155,141,0.6273412783891376,0.1811693110374226,0.18666666666666668,0
11,71,781,56,45,0.6537307454292987,0.38979858287869146,0.15492957746478872,0
12,73,876,177,165,0.7922110877148433,0.0,0.1643835616438356,0
0,0,0,0,0,0.0,0.0,0.0,0
20,105,2100,53,33,0.5959796296701579,0.26789537070497366,0.19047619047619047,0
10,68,680,112,102,0.6668672943909202,0.24456256823018024,0.14705882352941177,0
12,56,672,55,43,0.588362224218974,0.32967049917091934,0.21428571428571427,0
12,51,612,187,175,0.6586333707447549,0.00040242836798958436,0.23529411764705882,0
14,77,1078,49,35,0.691115695347214,0.4396169921188245,0.18181818181818182,0
0,0,0,0,0,0.0,0.0,0.0,0
11,64,704,83,72,1.1638405446001112,0.9379867586452474,0.171875,0
0,0,0,0,0,0.0,0.0,0.0,0
0,0,0,0,0,0.0,0.0,0.0,0
13,72,936,149,136,0.748346733708264,0.228068561407505,0.18055555555555555,0
12,85,1020,182,170,0.6063412057756219,0.0,0.1411764705882353,0
95,152,14440,187,92,0.8306747461696531,0.5953435390518385,0.625,1
29,66,1914,178,149,0.5546053887007747,0.33065789333003764,0.4393939393939394,0
31,299,9269,64,33,0.5057394145391236,0.25297744538108635,0.10367892976588629,0
21,94,1974,65,44,0.5574071819971916,0.3063612156463242,0.22340425531914893,0
42,140,5880,176,134,0.8322949171668561,0.25771186157131226,0.3,0
54,85,4590,187,133,0.3494785384327665,0.0,0.6352941176470588,0
11,56,616,187,176,0.6104782952043905,0.0,0.19642857142857142,0
20,60,1200,67,47,0.4383658775419048,0.16900101484514257,0.3333333333333333,0
24,118,2832,67,43,0.4407457248337498,0.08135962855523055,0.2033898305084746,0
23,46,1058,164,141,0.46980171922544745,0.10412832024878545,0.5,0
17,51,867,115,98,0.6031446752395557,0.0,0.3333333333333333,0
23,57,1311,151,128,0.4915908987478413,0.08419723861193205,0.40350877192982454,0
21,43,903,172,151,0.43457099782410674,0.0,0.4883720930232558,0
12,65,780,122,110,0.531611321771692,0.16236856941897124,0.18461538461538463,0
0,0,0,0,0,0.0,0.0,0.0,0
10,71,710,155,145,0.8933189731586458,0.1770729375206498,0.14084507042253522,0
12,83,996,55,43,0.6016951356006933,0.30766961911927976,0.14457831325301204,0
18,77,1386,115,97,0.5739445212444779,0.03772913389522511,0.23376623376623376,0
21,118,2478,131,110,0.6667607951151273,0.5028035100049918,0.17796610169491525,0
15,64,960,123,108,0.5617674473163443,0.1159548895494946,0.234375,0
14,75,1050,124,110,0.4882779482874966,0.07483323500460548,0.18666666666666668,0
19,90,1710,115,96,0.6315993276463111,0.10247998450864057,0.2111111111111111,0
14,58,812,131,117,0.66234371901469,0.22799933752609766,0.2413793103448276,0
18,113,2034,51,33,0.5575714027038009,0.2668738674805903,0.1592920353982301,0
21,44,924,172,151,0.45070587434954723,0.0,0.4772727272727273,0
14,68,952,177,163,0.49873511329248604,0.0,0.20588235294117646,0
12,72,864,121,109,0.46519555499245324,0.0,0.16666666666666666,0
10,61,610,155,145,0.8051189309704796,0.3201743881931053,0.16393442622950818,0
23,107,2461,66,43,0.5842049395815903,0.365102916338909,0.21495327102803738,0
11,69,759,54,43,0.5289046869350298,0.37102446620739893,0.15942028985507245,0
15,61,915,125,110,0.5504122562402622,0.054501170796048645,0.2459016393442623,0
14,97,1358,56,42,0.5985966980423584,0.5386326859006061,0.14432989690721648,0
15,75,1125,131,116,0.5867056772837845,0.18760671421411565,0.2,0
18,51,918,55,37,0.5762622460212388,0.24824992567300128,0.35294117647058826,0
24,65,1560,132,108,0.8221567511610383,0.05147836924563199,0.36923076923076925,0
18,50,900,128,110,0.5214741090437607,0.18832991418536732,0.36,0
29,77,2233,67,38,0.4837360923640461,0.14438494316051503,0.37662337662337664,0
11,57,627,151,140,0.8069136145003746,0.25945712293375683,0.19298245614035087,0
11,67,737,123,112,0.8775818844666704,0.09825540321983686,0.16417910447761194,0
14,96,1344,178,164,0.671789480729377,0.027852875882849785,0.14583333333333334,0
11,63,693,121,110,0.5417090316754711,0.01287367654359298,0.1746031746031746,0
16,58,928,128,112,0.7327794287917939,0.025676101939222273,0.27586206896551724,0
13,81,1053,123,110,0.6427656579196538,0.31470593440208183,0.16049382716049382,0
11,65,715,122,111,0.9211557321247456,0.2405881133046953,0.16923076923076924,0
15,63,945,55,40,0.5150222069701448,0.23369969250007058,0.23809523809523808,0
16,99,1584,69,53,0.529425101379096,0.15619171998394327,0.16161616161616163,0
15,78,1170,125,110,0.5821029118995952,0.18437885613786684,0.19230769230769232,0
15,77,1155,56,41,0.5548372082739152,0.41072474240584844,0.19480519480519481,0
15,99,1485,56,41,0.5754510296443095,0.23755036204729027,0.15151515151515152,0
14,86,1204,187,173,0.7412111149924541,0.09270949479922386,0.16279069767441862,0
16,83,1328,126,110,0.539978541152358,0.051729084180142645,0.1927710843373494,0
20,41,820,174,154,0.4874717887533864,0.0,0.4878048780487805,0
17,82,1394,57,40,0.5675358827269233,0.5289229643697454,0.2073170731707317,0
37,169,6253,69,32,0.5390760289098998,0.30697297712048166,0.21893491124260356,0
23,160,3680,63,40,0.4670304091572735,0.177359031857231,0.14375,0
15,101,1515,80,65,0.6427466031927301,0.5636951224714838,0.1485148514851485,0
15,48,720,48,33,0.529801047875075,0.2870040360400229,0.3125,0
11,56,616,78,67,0.6244288394677805,0.4239751470703153,0.19642857142857142,0
15,101,1515,80,65,0.5576994198623151,0.3522554765720731,0.1485148514851485,0
66,208,13728,187,121,0.6728470297211357,0.3861570918741435,0.3173076923076923,1
44,78,3432,187,143,0.7381288406862924,0.3910531058442377,0.5641025641025641,1
45,77,3465,187,142,0.7288233308618595,0.5661798903024745,0.5844155844155844,1
89,314,27946,187,98,1.0348393732587529,0.6878769710214749,0.28343949044585987,1
42,119,4998,187,145,0.9333076469571561,0.37873092514091083,0.35294117647058826,1
115,139,15985,187,72,0.5840417211026817,0.2607833257379121,0.8273381294964028,1
70,132,9240,187,117,0.861158323087881,0.41086215175882657,0.5303030303030303,1
19,46,874,53,34,0.5089930293075445,0.12932559866767945,0.41304347826086957,1
12,62,744,177,165,0.4918378757269074,0.0,0.1935483870967742,0
21,95,1995,96,75,0.4387750809787121,0.10290822203133367,0.22105263157894736,0
35,216,7560,67,32,0.4404133089067744,0.09674425845183358,0.16203703703703703,0
14,85,1190,123,109,0.5634976440374648,0.1416555202601538,0.16470588235294117,0
21,108,2268,97,76,0.515949270478598,0.16181377793115873,0.19444444444444445,0
14,88,1232,176,162,0.5884788365008743,0.0,0.1590909090909091,0
19,54,1026,125,106,0.5582336474739087,0.00445834834297175,0.35185185185185186,0
17,56,952,156,139,0.5458223975278244,0.0811735010557225,0.30357142857142855,0
22,115,2530,98,76,0.49886476750185343,0.2002976444902403,0.19130434782608696,0
21,100,2100,97,76,0.5144266937889838,0.2208541657604233,0.21,0
40,89,3560,187,147,0.6318318617453974,0.41569897893282604,0.449438202247191,0
40,89,3560,187,147,0.6318318617453974,0.41569897893282604,0.449438202247191,1
13,53,689,153,140,0.5830904215898788,0.13105192312696543,0.24528301886792453,0
14,89,1246,178,164,0.756030683320205,0.0,0.15730337078651685,0
44,75,3300,187,143,0.607862707429548,0.4017873625359539,0.5866666666666667,0
44,75,3300,187,143,0.607862707429548,0.4017873625359539,0.5866666666666667,1
41,157,6437,187,146,0.5416144060171134,0.20105097326239152,0.2611464968152866,0
41,157,6437,187,146,0.5416144060171134,0.20105097326239152,0.2611464968152866,1
11,66,726,121,110,0.7100472327098576,0.04819212948774669,0.16666666666666666,0
41,85,3485,187,146,0.6502208605849917,0.4420834139071682,0.4823529411764706,0
41,85,3485,187,146,0.6502208605849917,0.4420834139071682,0.4823529411764706,1
133,200,26600,187,54,1.1041993133996117,0.7230352666818971,0.665,1
133,200,26600,187,54,1.1041993133996117,0.7230352666818971,0.665,0
103,147,15141,187,84,0.9125184874733512,0.6016697521465071,0.7006802721088435,0
103,147,15141,187,84,0.9125184874733512,0.6016697521465071,0.7006802721088435,1
32,24,768,187,155,0.4990559614270719,0.10002771553832983,1.3333333333333333,0
24,91,2184,98,74,0.5419148209560118,0.2356045584424607,0.26373626373626374,0
14,55,770,122,108,0.615220144292577,0.26174933573002157,0.2545454545454545,0
23,41,943,173,150,0.45002656722086853,0.0,0.5609756097560976,0
39,58,2262,187,148,0.5785605412051615,0.277238673290207,0.6724137931034483,0
102,178,18156,187,85,1.1557466006052357,0.8099397054855474,0.5730337078651685,0
102,178,18156,187,85,1.1557466006052357,0.8099397054855474,0.5730337078651685,1
33,100,3300,108,75,0.4885033327869496,0.2079199083345851,0.33,0
12,62,744,176,164,0.5798488225070949,0.5171697152129178,0.1935483870967742,0
65,151,9815,187,122,0.7306070222670185,0.45218328919865164,0.4304635761589404,0
65,151,9815,187,122,0.7306070222670185,0.45218328919865164,0.4304635761589404,1
23,87,2001,97,74,0.638023394376437,0.2992520231659194,0.26436781609195403,0
124,102,12648,187,63,0.9299639321900153,0.44167239998324925,1.2156862745098038,0
124,102,12648,187,63,0.9299639321900153,0.44167239998324925,1.2156862745098038,1
144,206,29664,187,43,1.3929239845210446,0.7649865257141358,0.6990291262135923,0
144,206,29664,187,43,1.3929239845210446,0.7649865257141358,0.6990291262135923,1
13,66,858,57,44,0.6258835082633938,0.408339124751186,0.19696969696969696,0
24,77,1848,187,163,0.7759841880684352,0.6282271759062289,0.3116883116883117,0
24,77,1848,187,163,0.7759841880684352,0.6282271759062289,0.3116883116883117,1
45,138,6210,187,142,0.7003654186037243,0.4110882331640214,0.32608695652173914,0
45,138,6210,187,142,0.7003654186037243,0.4110882331640214,0.32608695652173914,1
99,121,11979,187,88,0.8947714393749007,0.46791677983129365,0.8181818181818182,0
99,121,11979,187,88,0.8947714393749007,0.46791677983129365,0.8181818181818182,1
87,144,12528,187,100,0.8400044146369704,0.40680628828144805,0.6041666666666666,0
87,144,12528,187,100,0.8400044146369704,0.40680628828144805,0.6041666666666666,1
18,98,1764,95,77,0.6900868240201192,0.5110278431410941,0.1836734693877551,0
11,61,671,129,118,0.7267538161813929,0.2405388891929215,0.18032786885245902,0
16,47,752,133,117,0.6823827158392368,0.1846532035808307,0.3404255319148936,0
19,80,1520,97,78,0.718128571448586,0.4566889911102082,0.2375,0
12,54,648,179,167,0.7465088711422109,0.1522451855187334,0.2222222222222222,0
70,155,10850,187,117,0.666803509009023,0.3564345304828037,0.45161290322580644,1
70,155,10850,187,117,0.666803509009023,0.3564345304828037,0.45161290322580644,0
16,76,1216,95,79,0.5669184333128564,0.17994873380310752,0.21052631578947367,0
24,53,1272,187,163,0.7330322009796973,0.40101826998283513,0.4528301886792453,0
24,53,1272,187,163,0.7330322009796973,0.40101826998283513,0.4528301886792453,1
41,89,3649,187,146,0.6108345740445125,0.28589856905101135,0.4606741573033708,1
41,89,3649,187,146,0.6108345740445125,0.28589856905101135,0.4606741573033708,0
21,72,1512,95,74,0.7092798956977093,0.2981985961644749,0.2916666666666667,0
88,98,8624,187,99,0.9660834827574238,0.5187174462770832,0.8979591836734694,0
88,98,8624,187,99,0.9660834827574238,0.5187174462770832,0.8979591836734694,1
31,72,2232,187,156,0.6177044865565575,0.48150179915479263,0.4305555555555556,1
31,72,2232,187,156,0.6177044865565575,0.48150179915479263,0.4305555555555556,0
21,91,1911,186,165,0.5592867971914766,0.46051880848090093,0.23076923076923078,0
10,71,710,182,172,0.664141793993452,0.0932635596610964,0.14084507042253522,0
23,52,1196,157,134,0.6222655618068647,0.14698903838982333,0.4423076923076923,0
23,107,2461,99,76,0.536273046813174,0.18878206286441193,0.21495327102803738,0
18,69,1242,170,152,0.4427355127639962,0.0,0.2608695652173913,0
22,70,1540,175,153,0.49443373481241193,0.0,0.3142857142857143,0
14,69,966,157,143,0.4448918812544366,0.025392147274565357,0.2028985507246377,0
21,66,1386,54,33,0.4739102047206718,0.17689595602184235,0.3181818181818182,0
11,61,671,54,43,0.4431046222102135,0.16407995182921756,0.18032786885245902,0
19,64,1216,165,146,0.4838191703604475,0.05514227687704973,0.296875,0
41,102,4182,187,146,0.6190800086750687,0.26394501973589735,0.4019607843137255,1
89,122,10858,187,98,0.9476957992422158,0.5969622405245417,0.7295081967213115,1
56,107,5992,187,131,0.5775696063060785,0.22658445861718612,0.5233644859813084,1
45,116,5220,177,132,0.564618880855268,0.3362123828079488,0.3879310344827586,1
34,55,1870,177,143,0.4718763341017314,0.15353685660320218,0.6181818181818182,0
26,48,1248,173,147,0.3932054098164359,0.0,0.5416666666666666,1
26,48,1248,173,147,0.3932054098164359,0.0,0.5416666666666666,0
17,61,1037,182,165,0.5031574378351298,0.0,0.2786885245901639,0
12,63,756,122,110,0.48790786291462374,0.0,0.19047619047619047,0
12,73,876,122,110,0.46117222740514435,0.0,0.1643835616438356,0
37,80,2960,187,150,0.449848765226273,0.0,0.4625,0
14,53,742,123,109,0.42602178501221943,0.0,0.2641509433962264,0
11,64,704,121,110,0.5540696326315536,0.09537889647320139,0.171875,0
12,79,948,121,109,0.657276670513323,0.06868697641569547,0.1518987341772152,0
26,162,4212,68,42,0.4333957980524747,0.10054600633388405,0.16049382716049382,0
18,101,1818,159,141,0.6422789246248254,0.16424571199957874,0.1782178217821782,0
28,51,1428,152,124,0.5051557012878509,0.0723877925216838,0.5490196078431373,0
16,69,1104,125,109,0.6292973754130673,0.07514648665917012,0.2318840579710145,0
56,203,11368,187,131,1.3458319352796055,0.8452453657795014,0.27586206896551724,0
56,203,11368,187,131,1.3458319352796055,0.8452453657795014,0.27586206896551724,1
21,74,1554,55,34,0.4340248033367027,0.058241983190658334,0.28378378378378377,0
21,91,1911,66,45,0.46597373903801736,0.18486044777780353,0.23076923076923078,0
16,69,1104,124,108,0.5353963051971079,0.1396302017921096,0.2318840579710145,0
24,107,2568,56,32,0.5751474146952392,0.3081388762292681,0.22429906542056074,0
34,199,6766,132,98,0.8238329076375901,0.4119234445124735,0.1708542713567839,0
10,61,610,120,110,0.5962405030061386,0.16788773119283318,0.16393442622950818,0
12,61,732,151,139,0.5691197516001625,0.006251051590636161,0.19672131147540983,0
12,77,924,187,175,0.7458592770518844,0.12778063508645462,0.15584415584415584,0
0,0,0,0,0,0.0,0.0,0.0,0
14,58,812,181,167,0.5903566175076549,0.0,0.2413793103448276,0
17,109,1853,50,33,0.5422832208228473,0.3244880367542903,0.1559633027522936,0
29,62,1798,176,147,0.5848896687923801,0.47318024951675564,0.46774193548387094,1
29,62,1798,176,147,0.5848896687923801,0.47318024951675564,0.46774193548387094,0
13,48,624,123,110,0.5551130449711493,0.0,0.2708333333333333,0
23,78,1794,97,74,0.6797265334311413,0.297060577903751,0.2948717948717949,0
26,173,4498,58,32,0.6370584156889124,0.37072200799819766,0.15028901734104047,0
25,103,2575,55,30,0.6305684248318475,0.44155597787171935,0.24271844660194175,0
19,98,1862,96,77,0.5660017355090274,0.3650655997384804,0.19387755102040816,0
29,113,3277,96,67,0.5520492270915004,0.25187325072369604,0.25663716814159293,0
15,43,645,126,111,0.5460406912474071,0.007283936776407916,0.3488372093023256,0
18,57,1026,49,31,0.5342077855222446,0.18968679016240667,0.3157894736842105,0
11,64,704,153,142,0.877404750141834,0.391481308662176,0.171875,0
10,63,630,121,111,0.8267767309094581,0.1295733602848112,0.15873015873015872,0
12,63,756,74,62,0.5801685992890813,0.3111029209731272,0.19047619047619047,0
12,74,888,177,165,0.5700072363907106,0.23922821445440018,0.16216216216216217,0
41,330,13530,187,146,1.287348378283881,1.003589357708077,0.12424242424242424,0
41,330,13530,187,146,1.287348378283881,1.003589357708077,0.12424242424242424,1
14,59,826,187,173,0.8041930254642027,0.0,0.23728813559322035,0
12,66,792,55,43,0.5594871374685167,0.34125486956190837,0.18181818181818182,0
12,59,708,123,111,0.6523126212226413,0.023359920463959735,0.2033898305084746,0
11,57,627,121,110,0.6813184723145879,0.0,0.19298245614035087,0
24,84,2016,56,32,0.5802785018726059,0.2986968687948679,0.2857142857142857,0
13,60,780,182,169,0.589734111366693,0.0,0.21666666666666667,0
19,134,2546,119,100,0.5223882129007512,0.12253226900411747,0.1417910447761194,0
12,51,612,178,166,0.778460148501379,0.0,0.23529411764705882,0
15,76,1140,124,109,0.5153309528535843,0.0511496431273246,0.19736842105263158,0
15,48,720,49,34,0.4666228355871152,0.30020991540786407,0.3125,0
21,100,2100,54,33,0.47192436888993267,0.1145895503829772,0.21,0
24,44,1056,175,151,0.4363655382431196,0.0,0.5454545454545454,0
98,322,31556,187,89,0.7762991113546527,0.5628884425146926,0.30434782608695654,1
46,332,15272,187,141,0.500388379841347,0.20319188526053553,0.13855421686746988,1
23,62,1426,187,164,0.5582211693343845,0.4204665216860065,0.3709677419354839,1
37,60,2220,185,148,0.5867933732433391,0.3945889739161549,0.6166666666666667,1
38,226,8588,187,149,0.6716680008381883,0.48913039906000944,0.168141592920354,1
69,989,68241,187,118,0.5389587212649964,0.11694302941682223,0.06976744186046512,1
57,140,7980,187,130,0.6184480346631042,0.3565118059834443,0.40714285714285714,1
63,79,4977,187,124,0.725110999088668,0.34905830934500853,0.7974683544303798,1
34,724,24616,69,35,0.535821757557673,0.27650847060209194,0.04696132596685083,0
35,682,23870,71,36,0.4744940439219859,0.2065474925810037,0.051319648093841645,0
0,0,0,0,0,0.0,0.0,0.0,0
12,52,624,122,110,0.48949273601475474,0.1272845621313902,0.23076923076923078,0
13,47,611,136,123,0.5703619837079478,0.16982501522912027,0.2765957446808511,0
33,182,6006,70,37,0.48312326585487525,0.19480138355449497,0.1813186813186813,0
11,75,825,187,176,0.57009839051077,0.10322015283640931,0.14666666666666667,0
10,68,680,128,118,0.4665511589956663,0.19988302562019478,0.14705882352941177,0
12,56,672,130,118,0.6166420223719866,0.18646180597766973,0.21428571428571427,0
15,75,1125,135,120,0.7272128222378023,0.4345044280379051,0.2,0
40,102,4080,168,128,0.717862790205015,0.5374109204730819,0.39215686274509803,1
40,102,4080,168,128,0.717862790205015,0.5374109204730819,0.39215686274509803,0
14,64,896,130,116,0.6273495280508248,0.0,0.21875,0
20,78,1560,123,103,0.7003273532757424,0.12386754746859885,0.2564102564102564,0
24,100,2400,135,111,0.489113795142443,0.2854551506068233,0.24,0
19,38,722,173,154,0.409254309955592,0.0,0.5,0
22,72,1584,131,109,0.7093516744197039,0.121815293323198,0.3055555555555556,0
183,64,11712,187,4,0.5876674219147562,0.0,2.859375,0
13,48,624,123,110,0.5065757133692896,0.24593181197135303,0.2708333333333333,0
11,70,770,135,124,0.6811618971170919,0.22307473907393294,0.15714285714285714,0
12,63,756,177,165,0.5052052510164006,0.0,0.19047619047619047,0
17,99,1683,52,35,0.5492350522882904,0.11499737390575415,0.1717171717171717,0
19,59,1121,116,97,0.5464509373653267,0.07847542019101941,0.3220338983050847,0
21,125,2625,187,166,0.4423802643737824,0.0,0.168,0
14,61,854,136,122,0.6185348172492642,0.2123450026853041,0.22950819672131148,0
11,56,616,46,35,0.5947232318485182,0.25455824600739557,0.19642857142857142,0
14,46,644,187,173,0.5815136052076129,0.0,0.30434782608695654,0
37,217,8029,187,150,0.7350012938152041,0.4916115822336546,0.17050691244239632,1
37,217,8029,187,150,0.7350012938152041,0.4916115822336546,0.17050691244239632,0
18,60,1080,53,35,0.47931971721986144,0.17417268962324278,0.3,0
22,117,2574,54,32,0.5656042915832556,0.20351587651729658,0.18803418803418803,0
15,74,1110,48,33,0.6269445238279513,0.2834201611663519,0.20270270270270271,0
13,60,780,144,131,0.8298836725016018,0.08267149454019125,0.21666666666666667,0
15,64,960,51,36,0.4873560533168025,0.09175997264265412,0.234375,0
16,101,1616,79,63,0.61159084929934,0.40022125240645384,0.15841584158415842,0
17,81,1377,184,167,0.4733399369327149,0.1261565782342829,0.20987654320987653,0
11,66,726,53,42,0.4932064566483595,0.1429667669844588,0.16666666666666666,0
19,33,627,187,168,0.5063150587835347,0.1394664821959318,0.5757575757575758,0
13,70,910,123,110,0.6251114949435679,0.1801281141928823,0.18571428571428572,0
18,93,1674,49,31,0.6421595276182954,0.23615973778859556,0.1935483870967742,0
14,79,1106,186,172,0.4788294258868414,0.045710332902143026,0.17721518987341772,0
11,66,726,177,166,0.5434968899584999,0.18259442862088,0.16666666666666666,0
17,37,629,170,153,0.47321521382676407,0.1538496739906091,0.4594594594594595,0
14,48,672,126,112,0.5228640927581474,0.0707958453816782,0.2916666666666667,0
13,77,1001,158,145,0.6366040315241768,0.15963026605841288,0.16883116883116883,0
21,52,1092,131,110,0.5417190128243118,0.12605041357829747,0.40384615384615385,0
13,69,897,53,40,0.4919493659624232,0.060689241471503584,0.18840579710144928,0
20,52,1040,175,155,0.5156913542842125,0.11003202525584063,0.38461538461538464,0
0,0,0,0,0,0.0,0.0,0.0,0
12,67,804,154,142,0.6174912090573219,0.443071388911697,0.1791044776119403,0
17,42,714,187,170,0.6226643333898486,0.041907679754688426,0.40476190476190477,0
0,0,0,0,0,0.0,0.0,0.0,0
38,49,1862,169,131,0.46018640136622946,0.0,0.7755102040816326,0
25,88,2200,187,162,0.47559988709702916,0.0,0.2840909090909091,0
0,0,0,0,0,0.0,0.0,0.0,0
11,61,671,121,110,0.7526231138741496,0.0030585044456225446,0.18032786885245902,0
10,66,660,158,148,0.7330624129015507,0.17761591679312547,0.15151515151515152,0
11,78,858,187,176,0.7064898025392993,0.06414391598775201,0.14102564102564102,0
11,60,660,121,110,0.5958789805837177,0.0,0.18333333333333332,0
19,103,1957,54,35,0.4609684491253506,0.18587832445947838,0.18446601941747573,0
29,96,2784,69,40,0.597137933041946,0.3417446179221035,0.3020833333333333,0
14,69,966,56,42,0.5162076505152743,0.32098774365877025,0.2028985507246377,0
13,59,767,130,117,0.5988000671555813,0.38717925176618817,0.22033898305084745,0
0,0,0,0,0,0.0,0.0,0.0,0
13,85,1105,68,55,0.5701215991780073,0.37393482653671584,0.15294117647058825,0
25,80,2000,66,41,0.5422910349765857,0.2607140054509432,0.3125,0
10,64,640,121,111,0.5229249569574961,0.19969379804518822,0.15625,0
15,103,1545,48,33,0.6023901558728043,0.3097400118889675,0.14563106796116504,0
12,51,612,121,109,0.5701024183465121,0.10118109969338868,0.23529411764705882,0
11,63,693,187,176,0.8760181601686533,0.11358023424516207,0.1746031746031746,0
117,122,14274,187,70,0.3717762708130642,0.0,0.9590163934426229,0
15,77,1155,55,40,0.4142715412070574,0.13379689385766325,0.19480519480519481,0
25,150,3750,68,43,0.49183712657712997,0.21569721813213202,0.16666666666666666,0
12,53,636,121,109,0.45864573928122937,0.13563828838410502,0.22641509433962265,0
25,141,3525,65,40,0.4647824690690761,0.149584291514741,0.1773049645390071,0
18,111,1998,109,91,0.4789707909828975,0.22287111666629536,0.16216216216216217,0
33,138,4554,66,33,0.47953163361411455,0.178812479755417,0.2391304347826087,0
14,58,812,123,109,0.46223831730097836,0.013873583341004973,0.2413793103448276,0
24,120,2880,56,32,0.5553386598864973,0.3298333144454061,0.2,0
10,62,620,155,145,0.772654597347865,0.2622320593514367,0.16129032258064516,0
34,345,11730,66,32,0.5318148334616892,0.19155463991323884,0.09855072463768116,0
25,60,1500,177,152,0.7226123578418654,0.12222935957677472,0.4166666666666667,0
15,54,810,57,42,0.5790639435600597,0.3875009712135004,0.2777777777777778,0
23,41,943,155,132,0.5068805014232194,0.07434040490408364,0.5609756097560976,0
15,77,1155,180,165,0.5358291791937995,0.0,0.19480519480519481,0
21,70,1470,53,32,0.5021042122151539,0.3154418832670848,0.3,0
24,62,1488,56,32,0.5512641185124343,0.27591598539168855,0.3870967741935484,0
21,64,1344,52,31,0.49630849006956407,0.22710630057589315,0.328125,0
21,37,777,172,151,0.4656978997111875,0.012517003316745434,0.5675675675675675,0
14,45,630,125,111,0.4634921230593352,0.0,0.3111111111111111,0
11,72,792,126,115,0.9391924266380791,0.3610687275699156,0.1527777777777778,0
24,144,3456,56,32,0.5829762275817667,0.22657661101040225,0.16666666666666666,0
14,72,1008,179,165,0.5960370427889887,0.21078578457463065,0.19444444444444445,0
10,63,630,86,76,0.6213828844168154,0.3465162429415086,0.15873015873015872,0
11,56,616,128,117,0.6317583036748642,0.2854862610815722,0.19642857142857142,0
19,98,1862,57,38,0.6448174316260421,0.3520698570302291,0.19387755102040816,0
23,145,3335,54,31,0.5881699969772749,0.15586533659566804,0.15862068965517243,0
12,80,960,122,110,0.5884731986832209,0.19902817751143811,0.15,0
11,74,814,56,45,0.5478893577448829,0.3273031726859572,0.14864864864864866,0
13,51,663,180,167,0.5043962776753512,0.0,0.2549019607843137,0
14,50,700,153,139,0.462904215304275,0.29650769345335376,0.28,0
16,63,1008,153,137,0.673267758268059,0.1028507008826746,0.25396825396825395,0
18,90,1620,126,108,0.6981657598484293,0.11213836297346182,0.2,0
13,55,715,55,42,0.5655376086358509,0.3715958534134252,0.23636363636363636,0
17,82,1394,55,38,0.4997671328924319,0.2877720528826406,0.2073170731707317,0
13,85,1105,129,116,0.6168322556912117,0.17647011306360794,0.15294117647058825,0
13,66,858,153,140,0.7954796927080054,0.11988915377546652,0.19696969696969696,0
13,75,975,158,145,1.0756734813942173,0.41718248922973733,0.17333333333333334,0
18,94,1692,50,32,0.6077745940233888,0.4361961755089115,0.19148936170212766,0
19,99,1881,166,147,0.5723934081377015,0.0,0.1919191919191919,0
12,76,912,159,147,0.7357897688886158,0.1028204201935317,0.15789473684210525,0
65,118,7670,130,65,0.5567847890438447,0.15626863634454663,0.5508474576271186,0
18,109,1962,50,32,0.5644750335476477,0.2787245448804134,0.1651376146788991,0
15,48,720,125,110,0.5725340580370579,0.36402155097607103,0.3125,0
18,38,684,170,152,0.45329643333684,0.0015249585264464317,0.47368421052631576,0
19,76,1444,50,31,0.5877816193294022,0.2885759535499981,0.25,0
20,35,700,171,151,0.4390582610071317,0.0,0.5714285714285714,0
19,54,1026,126,107,0.5568132118182695,0.2293286085207217,0.35185185185185186,0
99,228,22572,166,67,0.49928278433018114,0.045911323041925654,0.4342105263157895,0
22,55,1210,66,44,0.43929020120829326,0.03839548301384285,0.4,0
19,127,2413,123,104,0.5225597843678311,0.07741062775842686,0.14960629921259844,0
15,58,870,164,149,0.5073985357173765,0.05436288723677249,0.25862068965517243,0
21,91,1911,115,94,0.5451546246135578,0.058370630271511174,0.23076923076923078,0
25,145,3625,68,43,0.49616392979498497,0.240959423922077,0.1724137931034483,0
13,67,871,56,43,0.49347804524495753,0.30990504768086696,0.19402985074626866,0
13,49,637,46,33,0.4815802976218418,0.2063332148962739,0.2653061224489796,0
23,105,2415,164,141,0.66311964252433,0.15734717343948182,0.21904761904761905,0
16,97,1552,62,46,0.5587787812365369,0.1530224347213356,0.16494845360824742,0
17,60,1020,124,107,0.5839618869694871,0.04286504380146921,0.2833333333333333,0
12,52,624,122,110,0.6191832723734569,0.0,0.23076923076923078,0
0,0,0,0,0,0.0,0.0,0.0,0
13,67,871,157,144,0.6616566197438883,0.42061237269905083,0.19402985074626866,0
21,67,1407,108,87,0.5354578495189432,0.3807473206427051,0.31343283582089554,0
23,36,828,56,33,0.5583710168974269,0.3395229724152909,0.6388888888888888,0
19,38,722,170,151,0.4648716570155336,0.0,0.5,0
21,149,3129,111,90,0.6533115232503512,0.448389104508521,0.14093959731543623,0
11,78,858,100,89,0.5448915016717629,0.4871041936617098,0.14102564102564102,0
13,70,910,82,69,0.5937312379661774,0.4470815636859315,0.18571428571428572,0
13,53,689,81,68,0.5091218420860801,0.381433763692816,0.24528301886792453,0
21,55,1155,96,75,0.5682195975964073,0.21107635386582616,0.38181818181818183,0
29,183,5307,97,68,0.5854177129233806,0.3330701708408684,0.15846994535519127,0
11,73,803,104,93,0.5970717776526752,0.09019998821555912,0.1506849315068493,0
22,65,1430,99,77,0.5658783286855876,0.3616694402333757,0.3384615384615385,0
26,90,2340,97,71,0.5268295329476561,0.2028004689145051,0.28888888888888886,0
25,132,3300,97,72,0.5653315534947618,0.2908545785496335,0.1893939393939394,0
18,123,2214,110,92,0.6084119514185565,0.268861844196185,0.14634146341463414,0
24,51,1224,97,73,0.5765722576406043,0.34090612409953186,0.47058823529411764,0
11,78,858,135,124,0.6058162446315272,0.10088201225722293,0.14102564102564102,0
14,52,728,84,70,0.6169945044698802,0.4062099444985715,0.2692307692307692,0
11,62,682,128,117,0.7599409771616304,0.1444699815494469,0.1774193548387097,0
18,103,1854,61,43,0.6850689466620395,0.467788526398806,0.17475728155339806,0
11,76,836,119,108,1.0455005478871189,0.19200614429493584,0.14473684210526316,0
21,33,693,177,156,0.44368467252314714,0.01822525835005107,0.6363636363636364,0
20,93,1860,129,109,0.6858307249819039,0.4674473442446948,0.21505376344086022,0
11,74,814,128,117,0.629930947013784,0.26838500523129133,0.14864864864864866,0
39,106,4134,61,22,0.5338247712489441,0.21280563525041984,0.36792452830188677,0
10,68,680,187,177,0.7903536066373112,0.06078523009682901,0.14705882352941177,0
23,131,3013,97,74,0.5046494556788009,0.07292352011905953,0.17557251908396945,0
12,57,684,128,116,0.781706301951325,0.2820792659864146,0.21052631578947367,0
21,50,1050,130,109,0.6314736504235466,0.006522516270407068,0.42,0
20,34,680,173,153,0.48331499297980507,0.08799301027067022,0.5882352941176471,0
28,182,5096,59,31,0.5228068101780746,0.2830239449978006,0.15384615384615385,0
11,67,737,122,111,0.7241183772556661,0.044518531891918484,0.16417910447761194,0
17,89,1513,62,45,0.5905161998348856,0.27475330724855734,0.19101123595505617,0
25,80,2000,56,31,0.5914585989345318,0.21317387872434104,0.3125,0
22,102,2244,187,165,0.5715360620560577,0.03531418567687715,0.21568627450980393,0
21,110,2310,187,166,0.5257479051799779,0.0,0.19090909090909092,0
21,73,1533,187,166,0.6944467498044504,0.0,0.2876712328767123,0
17,85,1445,49,32,0.6679226973545253,0.4351099600941212,0.2,0
11,67,737,67,56,0.49980325668187403,0.2533774985424666,0.16417910447761194,0
14,73,1022,187,173,0.5814850279194909,0.0,0.1917808219178082,0
16,104,1664,181,165,0.8428535676686676,0.0,0.15384615384615385,0
10,68,680,66,56,0.5067055574177783,0.32011707928931254,0.14705882352941177,0
31,178,5518,67,36,0.5542190153064894,0.27782208916175355,0.17415730337078653,0
12,73,876,78,66,0.7666920559774499,0.29459699862808136,0.1643835616438356,0
12,75,900,54,42,0.69140856890295,0.4556910692829975,0.16,0
65,1092,70980,97,32,0.6925080580241089,0.4815765514723522,0.05952380952380952,0
24,67,1608,105,81,0.6746001555641873,0.5544714940581271,0.3582089552238806,0
66,170,11220,97,31,0.9042937782992299,0.6647803920111497,0.38823529411764707,0
20,136,2720,97,77,0.7876508672786066,0.5606520247329648,0.14705882352941177,0
64,190,12160,96,32,0.7091359000436341,0.5420795268530315,0.3368421052631579,0
67,138,9246,98,31,0.7936120026274055,0.5664072366835153,0.4855072463768116,0
19,82,1558,105,86,0.8027771708003273,0.6210618983209725,0.23170731707317074,0
54,117,6318,187,133,1.1718166021506629,0.7132488594273625,0.46153846153846156,1
57,138,7866,187,130,1.6358741849556573,1.098486746747187,0.41304347826086957,1
145,827,119915,187,42,0.583491692539965,0.2977700584152377,0.17533252720677148,1
122,290,35380,187,65,1.6820120610919616,1.3712684037625695,0.4206896551724138,1
21,106,2226,187,166,0.7545301706839667,0.5357154679137734,0.19811320754716982,1
154,162,24948,187,33,1.5752012136416627,0.9220278760130205,0.9506172839506173,1
123,174,21402,187,64,0.5874353637815031,0.21027401976682772,0.7068965517241379,1
145,190,27550,187,42,2.670936410150345,2.7931402494837467,0.7631578947368421,1
57,130,7410,187,130,1.1349997493803599,0.9851398079918025,0.43846153846153846,1
68,385,26180,187,119,0.63154937792727,0.3159965822204849,0.17662337662337663,1
49,201,9849,134,85,0.5242537758999632,0.40108333256485124,0.24378109452736318,0
11,68,748,120,109,0.4950408775378005,0.14697495730419846,0.16176470588235295,0
15,46,690,111,96,0.512222023659102,0.15465789957690176,0.32608695652173914,0
19,91,1729,115,96,0.48266674154462486,0.10546740892106445,0.2087912087912088,0
20,55,1100,121,101,0.514379260029422,0.26417867274995427,0.36363636363636365,0
28,73,2044,114,86,0.5906541196791214,0.31986992881477544,0.3835616438356164,0
18,78,1404,135,117,0.5087727436643903,0.37087691158500363,0.23076923076923078,0
50,114,5700,135,85,0.4668416654070569,0.0,0.43859649122807015,0
23,129,2967,153,130,0.6285004593154427,0.21072271170391152,0.17829457364341086,0
24,133,3192,187,163,0.5938252243908407,0.34920526260624,0.18045112781954886,1
24,133,3192,187,163,0.5938252243908407,0.34920526260624,0.18045112781954886,0
47,281,13207,132,85,0.508827175391035,0.0930435638216575,0.16725978647686832,0
20,108,2160,138,118,0.5083305934035636,0.31525839141873946,0.18518518518518517,0
23,71,1633,135,112,0.5095002619687131,0.3881825342278484,0.323943661971831,0
14,45,630,132,118,0.5109139812621174,0.2577345836232666,0.3111111111111111,0
21,83,1743,66,45,0.7114089866484193,0.40926150042299764,0.25301204819277107,0
14,68,952,139,125,0.541425507361604,0.43163114825448606,0.20588235294117646,0
12,83,996,138,126,0.6232821857475048,0.28493167537570263,0.14457831325301204,0
14,53,742,136,122,0.5204187046672749,0.3931897245012009,0.2641509433962264,0
15,83,1245,132,117,0.612838371149812,0.4935995856747592,0.18072289156626506,0
17,121,2057,139,122,0.5757583933155123,0.4062643609868893,0.14049586776859505,0
23,88,2024,138,115,0.5289060815961019,0.12717290952021226,0.26136363636363635,0
19,123,2337,139,120,0.5572090088987354,0.21923445554976997,0.15447154471544716,0
14,92,1288,133,119,0.5587137362329307,0.20851441405707904,0.15217391304347827,0
15,46,690,137,122,0.5172371685511385,0.3550516531352979,0.32608695652173914,0
21,90,1890,130,109,0.6281155389122139,0.5375392695054724,0.23333333333333334,0
17,61,1037,136,119,0.5885649874732067,0.45657333967448127,0.2786885245901639,0
36,354,12744,134,98,0.5586595905017283,0.25865911744830455,0.1016949152542373,0
11,66,726,130,119,0.5252395819630489,0.4149415534260303,0.16666666666666666,0
18,54,972,133,115,0.47948848676103273,0.038250704805267516,0.3333333333333333,0
22,55,1210,133,111,0.4835353665713819,0.17574305827806982,0.4,0
11,75,825,132,121,0.5210492575648992,0.2786242093646699,0.14666666666666667,0
13,64,832,131,118,0.48344977413383344,0.21286077068899986,0.203125,0
12,62,744,131,119,0.49708894823008287,0.17935392989235918,0.1935483870967742,0
15,57,855,133,118,0.5025451701145386,0.216644550806245,0.2631578947368421,0
15,41,615,108,93,0.5006122363428283,0.0,0.36585365853658536,0
14,57,798,131,117,0.5275067532360591,0.3580029575657471,0.24561403508771928,0
14,46,644,129,115,0.49768051844620415,0.2033946694649501,0.30434782608695654,0
18,62,1116,129,111,0.47432200842114997,0.25575385253349786,0.2903225806451613,0
16,52,832,107,91,0.5207548538271023,0.35152923910131717,0.3076923076923077,0
25,121,3025,99,74,0.4864848030233296,0.0,0.2066115702479339,0
17,74,1258,108,91,0.47888138917036693,0.3333804497672176,0.22972972972972974,0
16,63,1008,103,87,0.49267690919612456,0.0,0.25396825396825395,0
10,62,620,150,140,0.5394295277918835,0.51376531574558,0.16129032258064516,0
25,106,2650,96,71,0.5032723924442281,0.09998940878541412,0.2358490566037736,0
18,102,1836,133,115,0.5914130377171839,0.3812646883239153,0.17647058823529413,0
12,52,624,104,92,0.6531054685546976,0.0,0.23076923076923078,0
44,530,23320,139,95,0.5713598467340938,0.3899413679447647,0.0830188679245283,0
21,65,1365,136,115,0.5470992754771015,0.22765639760653342,0.3230769230769231,0
21,51,1071,102,81,0.5505226990793255,0.43370884270746246,0.4117647058823529,0
35,404,14140,135,100,0.49982289197664725,0.2799534413055925,0.08663366336633663,0
13,57,741,128,115,0.5812735170294994,0.3408801635631485,0.22807017543859648,0
17,43,731,123,106,0.4859081190918124,0.11555096818573461,0.3953488372093023,0
24,121,2904,83,59,0.5393628791143278,0.33292370696250784,0.19834710743801653,0
11,70,770,131,120,0.49010753961878734,0.23894946447610174,0.15714285714285714,0
21,141,2961,135,114,0.5164003996634794,0.3075627876629585,0.14893617021276595,0
15,73,1095,69,54,0.5544394577868077,0.18686182115743852,0.2054794520547945,0
21,86,1806,123,102,0.5465750534590215,0.28418589526100635,0.2441860465116279,0
30,156,4680,132,102,0.48334703108185745,0.16548144182969626,0.19230769230769232,0
21,62,1302,186,165,0.7644322115762613,0.572322619476281,0.3387096774193548,1
13,71,923,187,174,0.764883191818222,0.5274227019070553,0.18309859154929578,1
51,54,2754,137,86,0.6759506716598089,0.5089745809856165,0.9444444444444444,0
14,84,1176,60,46,0.6318984409597376,0.6005955086102347,0.16666666666666666,0
0,0,0,0,0,0.0,0.0,0.0,0
22,123,2706,66,44,1.2180014569012352,0.9505369553931098,0.17886178861788618,0
0,0,0,0,0,0.0,0.0,0.0,0
0,0,0,0,0,0.0,0.0,0.0,0
18,116,2088,63,45,0.6274181619392966,0.500436411121019,0.15517241379310345,0
0,0,0,0,0,0.0,0.0,0.0,0
11,71,781,64,53,0.6736623455831814,0.5064053099497313,0.15492957746478872,0
24,125,3000,187,163,0.7461316494872346,0.6365185969761565,0.192,0
24,125,3000,187,163,0.7461316494872346,0.6365185969761565,0.192,1
0,0,0,0,0,0.0,0.0,0.0,0
0,0,0,0,0,0.0,0.0,0.0,0
0,0,0,0,0,0.0,0.0,0.0,0
0,0,0,0,0,0.0,0.0,0.0,0
0,0,0,0,0,0.0,0.0,0.0,0
21,124,2604,65,44,0.562164325887514,0.38370290901756043,0.1693548387096774,0
12,69,828,135,123,0.638115339739523,0.49839223675109556,0.17391304347826086,0
12,72,864,134,122,0.6031696409405085,0.5602540074454496,0.16666666666666666,0
26,144,3744,137,111,0.579417379551394,0.37484810057455137,0.18055555555555555,0
0,0,0,0,0,0.0,0.0,0.0,0
23,75,1725,111,88,0.5400440324547204,0.0,0.30666666666666664,0
16,62,992,135,119,0.5343998705504942,0.2430263697917551,0.25806451612903225,0
13,79,1027,123,110,0.5293680300611054,0.2641532413222296,0.16455696202531644,0
18,71,1278,109,91,0.49799125550623535,0.0,0.2535211267605634,0
10,67,670,133,123,0.5998405064114298,0.3699712808128709,0.14925373134328357,0
45,496,22320,133,88,0.5537087924501898,0.48295976659974615,0.0907258064516129,0
13,63,819,123,110,0.5472631187738709,0.2609293406042517,0.20634920634920634,0
14,63,882,132,118,0.5440240901307212,0.32905716015872644,0.2222222222222222,0
21,88,1848,67,46,0.4799349860828001,0.14061621780617267,0.23863636363636365,0
15,54,810,96,81,0.43252952814870543,0.0,0.2777777777777778,0
16,102,1632,130,114,0.5061734695768978,0.08659789163718178,0.1568627450980392,0
16,81,1296,71,55,0.4448249805613679,0.03163937487158707,0.19753086419753085,0
15,50,750,127,112,0.44287285391514647,0.14973738864469185,0.3,0
17,58,986,128,111,0.47712299067455255,0.2957354459930707,0.29310344827586204,0
17,51,867,129,112,0.4599695374019016,0.19070212283151072,0.3333333333333333,0
15,49,735,129,114,0.47877615042820976,0.16642719033212278,0.30612244897959184,0
12,61,732,124,112,0.4622966871143992,0.17344763207843,0.19672131147540983,0
15,57,855,125,110,0.47380641239709836,0.15655038466822188,0.2631578947368421,0
17,71,1207,131,114,0.4967598630943756,0.13068137665021334,0.23943661971830985,0
11,68,748,129,118,0.5090021855794665,0.31018564932380804,0.16176470588235295,0
16,63,1008,129,113,0.47059976235287887,0.25324028920044866,0.25396825396825395,0
13,48,624,127,114,0.49615462629589774,0.1382607302519837,0.2708333333333333,0
20,93,1860,129,109,0.5915745845185236,0.5013559145666455,0.21505376344086022,0
19,103,1957,131,112,0.5458969135294355,0.34180665448077613,0.18446601941747573,0
21,90,1890,132,111,0.49079570558512553,0.29631080148654015,0.23333333333333334,0
19,84,1596,104,85,0.5207695087635558,0.0,0.2261904761904762,0
44,266,11704,131,87,0.515349132832404,0.2443250776738801,0.16541353383458646,0
24,72,1728,174,150,2.038491557405916,0.8336813858129936,0.3333333333333333,0
21,77,1617,173,152,0.8325025041294049,0.6095143895483119,0.2727272727272727,0
22,77,1694,174,152,0.8173996684390056,0.47439158407230625,0.2857142857142857,0
17,73,1241,69,52,0.5073224318430364,0.43756298390784265,0.2328767123287671,0
13,63,819,133,120,0.5982510431001765,0.31637945534291523,0.20634920634920634,0
13,56,728,132,119,0.6009033182775944,0.3873271915343244,0.23214285714285715,0
26,129,3354,69,43,0.5787315663067393,0.46183271662852154,0.20155038759689922,0
13,56,728,101,88,0.7064449514428636,0.0,0.23214285714285715,0
13,60,780,117,104,0.5729379778098098,0.3406690280810407,0.21666666666666667,0
31,203,6293,134,103,0.6800456596834645,0.2776033014818617,0.15270935960591134,0
14,67,938,100,86,0.6225764196434866,0.0,0.208955223880597,0
148,289,42772,187,39,0.9670049661897009,0.5381278286315055,0.5121107266435986,1
32,139,4448,127,95,0.6991759008028918,0.5891041383737304,0.2302158273381295,1
13,61,793,131,118,0.5617761088308869,0.5702752995756968,0.21311475409836064,0
0,0,0,0,0,0.0,0.0,0.0,0
0,0,0,0,0,0.0,0.0,0.0,0
32,733,23456,70,38,0.5476705486762511,0.4264221948851641,0.04365620736698499,0
18,56,1008,65,47,0.6254864140475639,0.6057898696563289,0.32142857142857145,0
15,53,795,104,89,0.5329732377780892,0.14444504930829605,0.2830188679245283,0
14,76,1064,125,111,0.6042027344990986,0.4319011252194013,0.18421052631578946,0
42,553,23226,75,33,0.5792708086474757,0.45683314356393917,0.0759493670886076,0
124,475,58900,155,31,0.6516324962281053,0.2623502047646214,0.26105263157894737,0
16,102,1632,124,108,1.2650312846797,0.9314333360238558,0.1568627450980392,0
17,98,1666,120,103,0.7422869480211369,0.3439403771371981,0.17346938775510204,0
0,0,0,0,0,0.0,0.0,0.0,0
0,0,0,0,0,0.0,0.0,0.0,0
0,0,0,0,0,0.0,0.0,0.0,0
23,95,2185,127,104,0.8949146858851622,0.6950032257672041,0.24210526315789474,0
0,0,0,0,0,0.0,0.0,0.0,0
0,0,0,0,0,0.0,0.0,0.0,0
12,79,948,61,49,0.550805491219224,0.3576886644662502,0.1518987341772152,0
12,61,732,104,92,0.6232701801931941,0.4587874303543391,0.19672131147540983,0
13,58,754,96,83,0.5417403014548672,0.532743570354715,0.22413793103448276,0
24,164,3936,112,88,0.5480817981517906,0.5162670444523773,0.14634146341463414,0
15,88,1320,132,117,0.5124702232775501,0.30404315386671116,0.17045454545454544,0
31,474,14694,118,87,0.5276996584882636,0.3648726205316419,0.06540084388185655,0
30,144,4320,132,102,0.5228206418156638,0.28126317009514257,0.20833333333333334,0
52,1073,55796,138,86,0.5232849991416386,0.12656708289083451,0.048462255358807084,0
50,126,6300,137,87,0.5894357384092938,0.42727266025055594,0.3968253968253968,0
22,112,2464,133,111,0.6984596241569876,0.6019521557052069,0.19642857142857142,0
33,825,27225,135,102,0.5259025427742418,0.20833173955332754,0.04,0
38,385,14630,138,100,0.46677990614041487,0.1962060376983188,0.0987012987012987,0
13,57,741,98,85,0.5103135874037557,0.0,0.22807017543859648,0
24,58,1392,67,43,0.48114454084618924,0.042415054926521846,0.41379310344827586,0
11,57,627,132,121,0.5234948727101806,0.26218098488016955,0.19298245614035087,0
17,62,1054,137,120,0.47977301831983593,0.3271106326026695,0.27419354838709675,0
13,53,689,122,109,0.48583294448835534,0.3506134706666014,0.24528301886792453,0
10,64,640,137,127,0.4930794059997431,0.17572037654713774,0.15625,0
16,45,720,112,96,0.49408038684863975,0.0,0.35555555555555557,0
26,112,2912,67,41,0.504130917069567,0.1836373429980811,0.23214285714285715,0
36,88,3168,187,151,0.7401111195215332,0.28385792429537904,0.4090909090909091,1
11,55,605,187,176,0.6271387606377052,0.4371963444101752,0.2,1
13,86,1118,100,87,0.8625697120085517,0.8913306753260657,0.1511627906976744,0
0,0,0,0,0,0.0,0.0,0.0,0
0,0,0,0,0,0.0,0.0,0.0,0
39,538,20982,130,91,0.869983160781138,0.7393494359798792,0.0724907063197026,0
14,76,1064,56,42,0.8425969674346226,0.8739245813101049,0.18421052631578946,0
23,80,1840,112,89,0.8298444829324707,0.7064695629813633,0.2875,0
17,70,1190,62,45,0.8693110609284811,0.9486065930173773,0.24285714285714285,0
0,0,0,0,0,0.0,0.0,0.0,0
18,127,2286,66,48,0.8850116041725026,0.7504885317936013,0.14173228346456693,0
14,69,966,63,49,0.9430473236407871,0.9063153105412836,0.2028985507246377,0
44,490,21560,130,86,1.174508881359899,1.1735246100218453,0.08979591836734693,0
12,79,948,128,116,0.884984244669059,0.8864960343819648,0.1518987341772152,0
20,134,2680,63,43,0.9585618078193027,0.7814288579402804,0.14925373134328357,0
21,138,2898,64,43,0.8102802184349109,0.8344135961251093,0.15217391304347827,0
15,67,1005,104,89,0.7249803294584611,0.7095561070068716,0.22388059701492538,0
21,84,1764,64,43,0.999575463281582,0.934530607913744,0.25,0
32,186,5952,113,81,0.9701965118839894,0.8353720479084791,0.17204301075268819,0
15,67,1005,127,112,0.7580449485172028,0.6819141556158866,0.22388059701492538,0
11,71,781,128,117,0.8369647243848081,0.7069744757654387,0.15492957746478872,0
27,99,2673,142,115,0.5647157582055344,0.38477008144166014,0.2727272727272727,0
39,352,13728,153,114,0.7973478873657268,0.5415309852600546,0.11079545454545454,0
23,100,2300,125,102,0.5379481802584177,0.29994629533197825,0.23,0
18,57,1026,129,111,0.6492028057372218,0.41641383204197097,0.3157894736842105,0
32,329,10528,138,106,0.6258418400737235,0.2842994459660231,0.0972644376899696,0
20,98,1960,65,45,0.536240585317498,0.3609841420066589,0.20408163265306123,0
47,399,18753,140,93,0.6217933634488103,0.3693694915104973,0.11779448621553884,0
14,79,1106,136,122,0.6628961034976747,0.560819022448621,0.17721518987341772,0
20,95,1900,140,120,0.5830911786937594,0.4379253268778522,0.21052631578947367,0
27,61,1647,138,111,0.46601436920754646,0.2163112235184736,0.4426229508196721,0
18,120,2160,139,121,0.5202899338309538,0.42899720184548357,0.15,0
21,103,2163,137,116,0.5725727839656843,0.4514683890769313,0.20388349514563106,0
37,185,6845,137,100,0.46016023544506923,0.05032896438691088,0.2,0
13,82,1066,132,119,0.5539777505144904,0.4453232079585034,0.15853658536585366,0
25,47,1175,67,42,0.6587188446168444,0.4337546396477944,0.5319148936170213,0
22,73,1606,103,81,0.5736451326288194,0.5965556747485233,0.3013698630136986,0
36,378,13608,137,101,0.5165918847966141,0.2524963341792172,0.09523809523809523,0
20,138,2760,138,118,0.6592376371206172,0.48181265988058924,0.14492753623188406,0
21,150,3150,139,118,0.5336092293412975,0.4370510904950115,0.14,0
18,127,2286,138,120,0.5545227425968614,0.4275635493715326,0.14173228346456693,0
34,138,4692,119,85,0.5284654608545424,0.35818686356121904,0.2463768115942029,0
15,78,1170,137,122,0.5606538260389691,0.40198145385229583,0.19230769230769232,0
27,150,4050,137,110,0.5303480909717848,0.2961717138786905,0.18,0
53,199,10547,138,85,0.5669660107244788,0.4014198908706501,0.2663316582914573,0
24,94,2256,133,109,0.456836862395478,0.09967383805350848,0.2553191489361702,0
11,72,792,129,118,0.6395598407167821,0.4820182324440561,0.1527777777777778,0
18,96,1728,135,117,0.6110650155104357,0.539014458805315,0.1875,0
14,73,1022,125,111,0.5309599231857184,0.24663042310400182,0.1917808219178082,0
26,174,4524,137,111,0.4642425775215624,0.16306400857653489,0.14942528735632185,0
19,116,2204,67,48,0.5127186713917197,0.12695487814019749,0.16379310344827586,0
50,186,9300,129,79,0.48811938760143864,0.005649294326309199,0.26881720430107525,0
11,78,858,90,79,0.704369343563328,0.22226425659707016,0.14102564102564102,0
12,57,684,124,112,0.5305902219908754,0.12768483786145687,0.21052631578947367,0
15,78,1170,116,101,0.49584719595279847,0.0,0.19230769230769232,0
18,62,1116,137,119,0.4983917245114186,0.41879007034341675,0.2903225806451613,0
25,69,1725,110,85,0.8729345563595499,0.675943428453376,0.36231884057971014,0
44,263,11572,129,85,0.46349554630026224,0.0,0.16730038022813687,0
19,131,2489,122,103,0.5172167760747165,0.07677463845469662,0.1450381679389313,0
18,92,1656,123,105,0.5140382036272046,0.11450926328278536,0.1956521739130435,0
45,81,3645,130,85,0.5675073445996764,0.35791698306786046,0.5555555555555556,0
0,0,0,0,0,0.0,0.0,0.0,0
12,62,744,63,51,0.7021799968061513,0.6483665586112881,0.1935483870967742,0
0,0,0,0,0,0.0,0.0,0.0,0
17,51,867,105,88,0.8106195817842186,0.6383998210683695,0.3333333333333333,0
51,380,19380,131,80,0.6250535343369262,0.4272035899156021,0.13421052631578947,0
13,90,1170,57,44,0.6771744802279128,0.5604041528872751,0.14444444444444443,0
11,65,715,54,43,0.748979116053649,0.8108079842258198,0.16923076923076924,0
17,56,952,117,100,0.7335647598121818,0.5719451609799715,0.30357142857142855,0
35,773,27055,69,34,1.0429664546686106,1.069803309739732,0.045278137128072445,0
0,0,0,0,0,0.0,0.0,0.0,0
0,0,0,0,0,0.0,0.0,0.0,0
0,0,0,0,0,0.0,0.0,0.0,0
32,334,10688,65,33,0.725241564158099,0.4637362131220118,0.09580838323353294,0
0,0,0,0,0,0.0,0.0,0.0,0
0,0,0,0,0,0.0,0.0,0.0,0
15,67,1005,119,104,0.7235070793265269,0.4475467450747086,0.22388059701492538,0
23,100,2300,127,104,0.47564104937429486,0.21543468649276548,0.23,0
14,86,1204,129,115,0.5363315200407122,0.3325008153737806,0.16279069767441862,0
21,94,1974,129,108,0.6820928184620767,0.31189653103464354,0.22340425531914893,0
19,66,1254,122,103,0.5170651647648279,0.21868086341603846,0.2878787878787879,0
16,75,1200,58,42,0.5377893402247304,0.3153016848606434,0.21333333333333335,0
12,80,960,130,118,0.5380679668410394,0.3233816598049032,0.15,0
26,114,2964,133,107,0.5152588038485151,0.34366686900895105,0.22807017543859648,0
58,70,4060,187,129,0.6356689883120192,0.21357984566498558,0.8285714285714286,0
58,70,4060,187,129,0.6356689883120192,0.21357984566498558,0.8285714285714286,1
32,129,4128,130,98,0.6153833430025121,0.3970360228203466,0.24806201550387597,0
14,49,686,135,121,0.5527723556961192,0.44648367766089814,0.2857142857142857,0
52,698,36296,140,88,0.557725078166273,0.256196783324785,0.07449856733524356,0
20,122,2440,138,118,0.5302529324059065,0.411940853663555,0.16393442622950818,0
41,196,8036,134,93,0.45472165991375474,0.054428155921123635,0.20918367346938777,0
10,61,610,125,115,0.4792621793585531,0.33878912882122697,0.16393442622950818,0
19,75,1425,137,118,0.4659269288865132,0.24139391824990553,0.25333333333333335,0
24,56,1344,137,113,0.4588833984561838,0.0557175209561366,0.42857142857142855,0
23,162,3726,133,110,0.5221815473102818,0.35685285095168723,0.1419753086419753,0
13,89,1157,125,112,0.5262573661544886,0.3573766166128043,0.14606741573033707,0
19,33,627,132,113,0.48386060663398045,0.3664335038747753,0.5757575757575758,0
24,111,2664,135,111,0.4632149953100413,0.028507207099286617,0.21621621621621623,0
25,100,2500,135,110,0.46659690000923826,0.0,0.25,0
21,94,1974,133,112,0.44918290979284625,0.14295518281487246,0.22340425531914893,0
14,51,714,125,111,0.44397668622874004,0.2506001247600558,0.27450980392156865,0
14,54,756,120,106,0.4462210666491651,0.0,0.25925925925925924,0
14,54,756,132,118,0.4927551191588983,0.22382904466348733,0.25925925925925924,0
20,64,1280,131,111,0.46947192077761235,0.061810434574066944,0.3125,0
25,161,4025,132,107,0.5981069303049443,0.1243718231529876,0.15527950310559005,0
15,57,855,61,46,0.5084878162381433,0.24971252100215405,0.2631578947368421,0
33,852,28116,135,102,0.5186724102544762,0.21664747284290647,0.03873239436619718,0
62,676,41912,138,76,0.574820406661396,0.27734262598830894,0.09171597633136094,0
35,407,14245,129,94,0.5407982052036563,0.4341703612370818,0.085995085995086,0
33,93,3069,165,132,0.5911024796964816,0.3392148036318042,0.3548387096774194,0
37,136,5032,134,97,0.4733684468280814,0.22863383443957325,0.27205882352941174,0
18,67,1206,125,107,0.494349069492997,0.21046206128526665,0.26865671641791045,0
27,71,1917,131,104,0.4791677275513202,0.12767364409142049,0.38028169014084506,0
21,123,2583,69,48,0.475569545192744,0.3180097610526366,0.17073170731707318,0
15,57,855,107,92,0.559306241524253,0.0,0.2631578947368421,0
28,115,3220,115,87,0.5076950795686441,0.0,0.24347826086956523,0
23,63,1449,133,110,0.4939003653462191,0.32260646463916814,0.36507936507936506,0
0,0,0,0,0,0.0,0.0,0.0,0
24,59,1416,109,85,0.6161090732032775,0.26560689077188865,0.4067796610169492,0
33,604,19932,118,85,1.0975400762835819,1.1693429530832884,0.054635761589403975,0
0,0,0,0,0,0.0,0.0,0.0,0
0,0,0,0,0,0.0,0.0,0.0,0
16,71,1136,104,88,0.780265151880836,0.7987476287661535,0.22535211267605634,0
0,0,0,0,0,0.0,0.0,0.0,0
31,267,8277,65,34,0.8279359263781356,0.8488221345050625,0.11610486891385768,0
12,70,840,124,112,0.8342120354002315,0.7873330868922823,0.17142857142857143,0
0,0,0,0,0,0.0,0.0,0.0,0
17,92,1564,65,48,0.9174613786341589,0.9005114404506924,0.18478260869565216,0
32,336,10752,75,43,0.9345885466079638,0.8068274878952568,0.09523809523809523,0
16,112,1792,65,49,0.8563690403198171,0.7373651439624003,0.14285714285714285,0
22,68,1496,106,84,0.8992204306549858,0.6923378291995194,0.3235294117647059,0
31,253,7843,112,81,0.6327495809598959,0.46362938755502286,0.1225296442687747,0
10,66,660,130,120,0.680867765014071,0.5623249354871828,0.15151515151515152,0
21,100,2100,130,109,0.6809227003676491,0.35808293919081985,0.21,0
22,77,1694,120,98,0.614076153409594,0.29316474167364903,0.2857142857142857,0
13,81,1053,100,87,0.735644029916518,0.6582737017594247,0.16049382716049382,0
29,189,5481,153,124,0.6459415824479614,0.3250754492668048,0.15343915343915343,0
17,100,1700,111,94,0.5500127542053285,0.12875741984002093,0.17,0
14,55,770,108,94,0.494078857522972,0.0,0.2545454545454545,0
13,66,858,67,54,0.5213305723414055,0.38939398646186724,0.19696969696969696,0
17,98,1666,110,93,0.49024475559550157,0.0,0.17346938775510204,0
32,83,2656,113,81,0.5798274662707685,0.03399540607409279,0.3855421686746988,0
54,267,14418,79,25,0.5303536909535181,0.4533002638371436,0.20224719101123595,0
37,211,7807,139,102,0.5801256615559444,0.37070046500906395,0.17535545023696683,0
48,698,33504,139,91,0.5871735559590908,0.4856932081094003,0.06876790830945559,0
19,51,969,137,118,0.5606140384637512,0.5411620069772779,0.37254901960784315,0
53,721,38213,137,84,0.5031497876934565,0.10398464147648268,0.07350901525658807,0
16,78,1248,129,113,0.5112215593005054,0.48992302553957223,0.20512820512820512,0
15,71,1065,135,120,0.46647316327869576,0.0,0.2112676056338028,0
31,222,6882,137,106,0.6855050189017277,0.23997338114014125,0.13963963963963963,0
13,63,819,127,114,0.5072439402359074,0.4396753569637083,0.20634920634920634,0
16,62,992,130,114,0.4831898595108509,0.1915406926048586,0.25806451612903225,0
35,101,3535,131,96,0.4525240296198557,0.041930929045689035,0.3465346534653465,0
21,58,1218,130,109,0.4651404133411558,0.009847554531911915,0.3620689655172414,0
21,58,1218,133,112,0.43642779040536184,0.0,0.3620689655172414,0
15,69,1035,133,118,0.46825260788764284,0.0631801231065169,0.21739130434782608,0
21,110,2310,134,113,0.4499451597787252,0.030768057512706188,0.19090909090909092,0
16,38,608,130,114,0.4602658489142157,0.13948557594285407,0.42105263157894735,0
26,115,2990,136,110,0.43803453971395173,0.015842757339021348,0.22608695652173913,0
19,93,1767,131,112,0.4265304170172046,0.1492592751119153,0.20430107526881722,0
17,51,867,134,117,0.45475601388755005,0.0963872383399833,0.3333333333333333,0
12,54,648,128,116,0.4637428709047008,0.14144285282742142,0.2222222222222222,0
18,125,2250,129,111,0.4965136093997927,0.26039473803705615,0.144,0
15,56,840,130,115,0.48530878508577197,0.2855668220281396,0.26785714285714285,0
25,166,4150,71,46,0.4899124916862538,0.18760753940955838,0.15060240963855423,0
27,78,2106,111,84,0.7807524554149952,0.21908229194503837,0.34615384615384615,0
53,589,31217,136,83,0.5789150220171008,0.34911250666426336,0.0899830220713073,0
18,79,1422,134,116,0.5505002736340447,0.44387059880265534,0.22784810126582278,0
18,92,1656,106,88,0.6010817153543933,0.4986147892696537,0.1956521739130435,0
24,40,960,136,112,0.532790290653261,0.3700993872810941,0.6,0
16,90,1440,112,96,0.4903366050263422,0.2470898271629584,0.17777777777777778,0
16,59,944,131,115,0.5248241592063161,0.21399996661391468,0.2711864406779661,0
12,58,696,132,120,0.5722263032274275,0.45659378170767656,0.20689655172413793,0
17,86,1462,87,70,0.8540086213684601,0.3530053943121505,0.19767441860465115,0
16,80,1280,136,120,0.5427908003164695,0.30209644793214036,0.2,0
23,66,1518,104,81,0.6356434669312621,0.09458696888907542,0.3484848484848485,0
24,90,2160,136,112,0.5075911261005494,0.3595719768079315,0.26666666666666666,0
149,139,20711,187,38,0.794215163969906,0.3120235525114602,1.0719424460431655,1
56,61,3416,187,131,0.9074610286345357,0.5011968078640787,0.9180327868852459,1
77,1056,81312,134,57,0.5471314086830842,0.450946692769659,0.07291666666666667,1
11,58,638,138,127,0.6823212923084395,0.5124279041231656,0.1896551724137931,1
0,0,0,0,0,0.0,0.0,0.0,0
15,84,1260,66,51,1.1414592870040547,1.2398861530223848,0.17857142857142858,0
20,74,1480,63,43,0.7929729189081768,0.7146423603312999,0.2702702702702703,0
16,82,1312,106,90,0.7162839327233428,0.6270545531557655,0.1951219512195122,0
19,127,2413,63,44,0.7431535431243864,0.5626344208613315,0.14960629921259844,0
0,0,0,0,0,0.0,0.0,0.0,0
14,46,644,129,115,0.6090453615955984,0.5573006682710789,0.30434782608695654,0
15,45,675,101,86,0.5933659046486409,0.6716561676651097,0.3333333333333333,0
40,739,29560,132,92,0.5898610632432466,0.34989043678536075,0.05412719891745602,0
16,84,1344,135,119,0.5066322222795153,0.329140394235662,0.19047619047619047,0
11,76,836,129,118,0.4969382664621902,0.38827117926681654,0.14473684210526316,0
17,41,697,131,114,0.4908402799173845,0.2525626383936778,0.4146341463414634,0
12,58,696,122,110,0.5667354428660446,0.05890203927026637,0.20689655172413793,0
13,56,728,134,121,0.5194483627111797,0.27180353326885287,0.23214285714285715,0
16,53,848,124,108,0.4790875053632649,0.1222463383592897,0.3018867924528302,0
23,84,1932,131,108,0.4390801582551661,0.08545539268455707,0.27380952380952384,0
14,91,1274,133,119,0.5695982216320602,0.40897244091937335,0.15384615384615385,0
13,69,897,129,116,0.5336930440537302,0.19536451171365934,0.18840579710144928,0
23,78,1794,67,44,0.5885876250041978,0.3149908113100909,0.2948717948717949,0
13,59,767,132,119,0.5612495226594729,0.29284221514081227,0.22033898305084745,0
13,53,689,123,110,0.5264530338799424,0.301767187427361,0.24528301886792453,0
12,62,744,135,123,0.5805057052223718,0.34720136563872284,0.1935483870967742,0
18,98,1764,132,114,0.577055734072502,0.4335008725270872,0.1836734693877551,0
14,100,1400,133,119,0.5817427942780686,0.4527274125803832,0.14,0
29,127,3683,64,35,0.523870553139283,0.45351826708242376,0.2283464566929134,0
14,87,1218,136,122,0.598862274405442,0.4371786901219646,0.16091954022988506,0
29,146,4234,108,79,0.5257530165788761,0.0,0.19863013698630136,0
33,324,10692,136,103,0.48843835603939595,0.25477363381441803,0.10185185185185185,0
19,126,2394,136,117,0.5780377292200735,0.35830874321791695,0.15079365079365079,0
20,107,2140,130,110,0.5201314295419507,0.32177737473559376,0.18691588785046728,0
11,75,825,132,121,0.5754338138946036,0.3390977959788622,0.14666666666666667,0
32,186,5952,136,104,0.5166074570187223,0.2517452916532721,0.17204301075268819,0
25,122,3050,132,107,0.8824805184000309,0.29496672765664206,0.20491803278688525,0
15,65,975,132,117,0.47492254598335304,0.2871954983289236,0.23076923076923078,0
16,101,1616,137,121,0.4969431878048029,0.22939839757425212,0.15841584158415842,0
13,61,793,134,121,0.5139183074243336,0.21379615390344542,0.21311475409836064,0
42,88,3696,134,92,0.5288294616448134,0.12263538409913691,0.4772727272727273,0
15,46,690,138,123,0.5457488041527563,0.4528218684726767,0.32608695652173914,0
13,67,871,130,117,0.6072320749569861,0.4785683288481955,0.19402985074626866,0
26,112,2912,137,111,0.49923819887527426,0.22688606963779395,0.23214285714285715,0
12,52,624,130,118,0.5433226835801904,0.3747078370851939,0.23076923076923078,0
17,81,1377,135,118,0.5547185904889487,0.33670639591469576,0.20987654320987653,0
16,57,912,137,121,0.5755815775507388,0.44187856649337065,0.2807017543859649,0
25,57,1425,187,162,0.5965180699148944,0.38108014293642145,0.43859649122807015,0
19,103,1957,132,113,0.5241210134074685,0.2932126423005476,0.18446601941747573,0
17,72,1224,137,120,0.5581212359540533,0.3713232184597882,0.2361111111111111,0
12,72,864,110,98,0.5126205298688646,0.45019274839740475,0.16666666666666666,0
33,186,6138,137,104,0.48590314244732924,0.29593185880906314,0.1774193548387097,0
16,100,1600,137,121,0.525248713266434,0.3904480215734187,0.16,0
14,44,616,113,99,0.5277627920207063,0.39723309022286835,0.3181818181818182,0
11,72,792,132,121,0.5748995484954571,0.37516571296412793,0.1527777777777778,0
23,101,2323,135,112,0.5681858281574733,0.5140169092663858,0.22772277227722773,0
12,51,612,124,112,0.5603556894547309,0.2757423416510837,0.23529411764705882,0
47,116,5452,134,87,0.42688382046192264,0.11207489410080364,0.4051724137931034,0
25,138,3450,73,48,0.4701988627866614,0.29686829693302763,0.18115942028985507,0
15,94,1410,130,115,0.5516600847678897,0.3043248687869072,0.1595744680851064,0
16,74,1184,105,89,0.5971840507434963,0.06030309797225342,0.21621621621621623,0
12,58,696,123,111,0.5343713959303574,0.3176153863288125,0.20689655172413793,0
103,166,17098,187,84,0.5386124971608535,0.3013881149695818,0.6204819277108434,1
54,86,4644,187,133,1.1081449937349035,0.5854930460522182,0.627906976744186,1
17,112,1904,154,137,1.5678513054853478,0.7104695060437031,0.15178571428571427,1
0,0,0,0,0,0.0,0.0,0.0,1
10,70,700,186,176,0.9150011881212252,0.4856728964416474,0.14285714285714285,1
80,73,5840,187,107,0.8952738161396167,0.39934805793640465,1.095890410958904,1
57,68,3876,187,130,0.6062030125942461,0.38035800460973523,0.8382352941176471,1
61,115,7015,187,126,1.669383250501578,1.3925469287376449,0.5304347826086957,1
59,169,9971,187,128,1.0282636911249794,0.6131041128918026,0.34911242603550297,1
0,0,0,0,0,0.0,0.0,0.0,0
0,0,0,0,0,0.0,0.0,0.0,0
0,0,0,0,0,0.0,0.0,0.0,0
20,99,1980,62,42,0.8392899068695341,0.5302442662400418,0.20202020202020202,0
22,104,2288,63,41,1.008917626762751,0.8969078838059855,0.21153846153846154,0
0,0,0,0,0,0.0,0.0,0.0,0
0,0,0,0,0,0.0,0.0,0.0,0
0,0,0,0,0,0.0,0.0,0.0,0
11,67,737,58,47,0.9246284728226073,0.4251243330279639,0.16417910447761194,0
0,0,0,0,0,0.0,0.0,0.0,0
35,294,10290,118,83,0.821796144442131,0.6830608420970764,0.11904761904761904,0
0,0,0,0,0,0.0,0.0,0.0,0
33,825,27225,114,81,1.0558853986705066,1.076479578813767,0.04,0
0,0,0,0,0,0.0,0.0,0.0,0
0,0,0,0,0,0.0,0.0,0.0,0
0,0,0,0,0,0.0,0.0,0.0,0
12,85,1020,61,49,0.8845680845595861,1.0134672002931167,0.1411764705882353,0
0,0,0,0,0,0.0,0.0,0.0,0
14,80,1120,56,42,0.8905722884843227,0.5999229276356529,0.175,0
0,0,0,0,0,0.0,0.0,0.0,0
0,0,0,0,0,0.0,0.0,0.0,0
16,113,1808,119,103,0.9189885503174808,0.9817880492586487,0.1415929203539823,0
0,0,0,0,0,0.0,0.0,0.0,0
19,105,1995,128,109,0.7807632939945169,0.5632734683585172,0.18095238095238095,0
13,59,767,63,50,0.6299561119051169,0.5140549757739882,0.22033898305084745,0
0,0,0,0,0,0.0,0.0,0.0,0
11,55,605,91,80,0.6648008752918424,0.4285360501832734,0.2,0
0,0,0,0,0,0.0,0.0,0.0,0
0,0,0,0,0,0.0,0.0,0.0,0
23,76,1748,126,103,0.6004205046330731,0.29115222000491925,0.3026315789473684,0
0,0,0,0,0,0.0,0.0,0.0,0
0,0,0,0,0,0.0,0.0,0.0,0
13,72,936,62,49,0.6959194208744165,0.6359343409988039,0.18055555555555555,0
0,0,0,0,0,0.0,0.0,0.0,0
19,63,1197,65,46,0.7376968009576477,0.4079111048279779,0.30158730158730157,0
12,77,924,56,44,0.5715155345091854,0.49922638420145016,0.15584415584415584,0
0,0,0,0,0,0.0,0.0,0.0,0
0,0,0,0,0,0.0,0.0,0.0,0
0,0,0,0,0,0.0,0.0,0.0,0
0,0,0,0,0,0.0,0.0,0.0,0
0,0,0,0,0,0.0,0.0,0.0,0
21,72,1512,65,44,0.9415638365106572,0.07379864276929739,0.2916666666666667,0
11,65,715,60,49,0.7448436966941341,0.47885428599896007,0.16923076923076924,0
31,478,14818,129,98,0.701897908890742,0.7311874923873023,0.06485355648535565,0
0,0,0,0,0,0.0,0.0,0.0,0
0,0,0,0,0,0.0,0.0,0.0,0
12,78,936,127,115,0.8064907674152819,0.8675695797428337,0.15384615384615385,0
23,66,1518,128,105,0.5718313324177906,0.5007974707382354,0.3484848484848485,0
0,0,0,0,0,0.0,0.0,0.0,0
0,0,0,0,0,0.0,0.0,0.0,0
16,92,1472,128,112,0.6865819551597875,0.6824049481999034,0.17391304347826086,0
19,132,2508,125,106,1.3496489173640012,1.0001562866306295,0.14393939393939395,0
18,99,1782,121,103,0.7648277226555487,0.6700767240895625,0.18181818181818182,0
0,0,0,0,0,0.0,0.0,0.0,0
0,0,0,0,0,0.0,0.0,0.0,0
24,107,2568,66,42,0.960247892466376,0.9779515363523442,0.22429906542056074,0
20,118,2360,64,44,0.8153392310321095,0.7507543879685467,0.1694915254237288,0
12,58,696,120,108,0.993872295860503,0.5867114627761072,0.20689655172413793,0
46,95,4370,130,84,0.7545687917180359,0.36418427892327904,0.4842105263157895,1
13,72,936,187,174,1.1280493232882918,1.230855173177219,0.18055555555555555,1
