batch_datetime,stations
2024-03-10 18:30:00,"ALASKA-COHOE, ALASKA-HAARP, Australia-ASSA, MEXICO-LANCE"
2024-03-10 18:45:00,"ALASKA-COHOE, ALASKA-HAARP, Australia-ASSA, MEXICO-LANCE"
2024-03-30 14:30:00,"ALASKA-COHOE, ALASKA-HAARP, BIR, GREENLAND, MEXART, MEXICO-FCFM-UANL, MEXICO-LANCE, ROSWELL-NM, USA-ARIZONA-ERAU"
2024-04-15 17:30:00,"ALASKA-ANCHORAGE, ALASKA-COHOE, ALASKA-HAARP, Australia-ASSA, MEXART, MEXICO-FCFM-UANL, MEXICO-LANCE, (USA-ARIZONA-ERAU)"
2024-04-17 12:30:00,"ALASKA-ANCHORAGE, ALASKA-COHOE, ALASKA-HAARP, ALGERIA-CRAAG, AUSTRIA-UNIGRAZ, BIR, GERMANY-DLR, GLASGOW, GREENLAND, HUMAIN, MEXART, MRO, SPAIN-PERALEJOS, SWISS-HEITERSWIL, SWISS-Landschlacht, SWISS-MUHEN, USA-ARIZONA-ERAU, USA-BOSTON"
2024-04-17 12:45:00,"ALASKA-ANCHORAGE, ALASKA-COHOE, ALASKA-HAARP, ALGERIA-CRAAG, AUSTRIA-UNIGRAZ, BIR, GERMANY-DLR, GLASGOW, GREENLAND, HUMAIN, MEXART, MRO, SPAIN-PERALEJOS, SWISS-HEITERSWIL, SWISS-Landschlacht, SWISS-MUHEN, USA-ARIZONA-ERAU, USA-BOSTON"
2024-04-17 14:15:00,"ALASKA-ANCHORAGE, ALASKA-COHOE, ALASKA-HAARP, BIR, GLASGOW, GREENLAND, MEXART, MEXICO-FCFM-UANL, MEXICO-LANCE, SWISS-HEITERSWIL, SWISS-Landschlacht, SWISS-MUHEN, USA-ARIZONA-ERAU"
2024-04-17 16:00:00,"ALASKA-ANCHORAGE, ALASKA-COHOE, ALASKA-HAARP, GREENLAND, MEXART, MEXICO-FCFM-UANL, MEXICO-LANCE"
2024-04-17 19:15:00,"ALASKA-COHOE, ALASKA-HAARP, Australia-ASSA, KASI, MONGOLIA-UB"
2024-04-18 13:00:00,"ALASKA-ANCHORAGE, ALASKA-COHOE, ALASKA-HAARP, AUSTRIA-UNIGRAZ, BIR, GERMANY-DLR, GREENLAND, MEXART, MEXICO-FCFM-UANL, MEXICO-LANCE, ROSWELL-NM, SWISS-HEITERSWIL, SWISS-Landschlacht, SWISS-MUHEN, USA-BOSTON"
2024-04-18 18:45:00,"ALASKA-ANCHORAGE, ALASKA-COHOE, ALASKA-HAARP, Australia-ASSA, KASI, MEXART, MEXICO-LANCE, MONGOLIA-UB, ROSWELL-NM"
2024-04-18 19:30:00,"ALASKA-COHOE, ALASKA-HAARP, Australia-ASSA, KASI, MEXART, MEXICO-LANCE, MONGOLIA-UB"
2024-04-19 09:00:00,[]
2024-04-19 09:45:00,[]
2024-04-19 10:00:00,[]
2024-04-19 10:30:00,[]
2024-04-19 10:45:00,[]
2024-04-19 11:00:00,"ALASKA-COHOE, ALASKA-HAARP, ALGERIA-CRAAG, AUSTRIA-OE3FLB, AUSTRIA-UNIGRAZ, BIR, EGYPT-Alexandria, FINLAND-Siuntio, Finland-Kempele, GERMANY-DLR, GREENLAND, HUMAIN, HURBANOVO, MEXART, MEXICO-FCFM-UANL, MEXICO-LANCE, MRO, ROSWELL-NM, SPAIN-PERALEJOS, SWISS-HB9SCT, SWISS-HEITERSWIL, SWISS-IRSOL, SWISS-Landschlacht, SWISS-MUHEN, TRIEST, USA-BOSTON"
2024-04-19 12:30:00,"ALASKA-ANCHORAGE, ALASKA-COHOE, ALASKA-HAARP, ALGERIA-CRAAG, AUSTRIA-UNIGRAZ, BIR, EGYPT-Alexandria, FINLAND-Siuntio, Finland-Kempele, GERMANY-DLR, GREENLAND, HUMAIN, HURBANOVO, MEXART, MEXICO-LANCE, MRO, ROSWELL-NM, SPAIN-SIGUENZA, SWISS-HB9SCT, SWISS-HEITERSWIL, SWISS-Landschlacht, SWISS-MUHEN, TRIEST, USA-BOSTON"
2024-04-19 13:15:00,[]
2024-04-19 13:45:00,[]
2024-04-19 14:00:00,[]
2024-04-19 14:33:32,[]
2024-04-19 14:48:32,"ALASKA-ANCHORAGE, ALASKA-COHOE, ALASKA-HAARP, BIR, GREENLAND, MEXART, MEXICO-LANCE, USA-BOSTON"
2024-04-19 15:03:32,"ALASKA-ANCHORAGE, ALASKA-COHOE, ALASKA-HAARP, BIR, GREENLAND, MEXART, MEXICO-LANCE, USA-BOSTON"
2024-04-19 15:18:31,"ALASKA-ANCHORAGE, ALASKA-COHOE, ALASKA-HAARP, BIR, GREENLAND, MEXART, MEXICO-LANCE, USA-BOSTON"
2024-04-19 16:45:00,[]
2024-04-19 17:15:00,[]
2024-04-19 17:30:00,[]
2024-04-19 18:00:00,[]
2024-04-19 18:15:00,[]
2024-04-20 07:45:00,"ALGERIA-CRAAG, ALMATY, AUSTRIA-OE3FLB, AUSTRIA-UNIGRAZ, BIR, EGYPT-Alexandria, GERMANY-DLR, GREENLAND, HUMAIN, INDIA-OOTY, MRO, SPAIN-PERALEJOS, SRI-Lanka, SWISS-HB9SCT, SWISS-HEITERSWIL, SWISS-IRSOL, SWISS-Landschlacht, SWISS-MUHEN, TRIEST, USA-BOSTON"
2024-04-20 11:30:00,"ALASKA-ANCHORAGE, ALASKA-COHOE, ALASKA-HAARP, ALGERIA-CRAAG, AUSTRIA-OE3FLB, AUSTRIA-UNIGRAZ, BIR, EGYPT-Alexandria, FINLAND-Siuntio, GERMANY-DLR, GREENLAND, HUMAIN, HURBANOVO, MEXICO-LANCE, MRO, ROSWELL-NM, SPAIN-PERALEJOS, SWISS-HB9SCT, SWISS-HEITERSWIL, SWISS-IRSOL, SWISS-Landschlacht, SWISS-MUHEN, TRIEST, USA-BOSTON"
2024-04-20 12:15:00,"ALASKA-ANCHORAGE, ALASKA-COHOE, ALASKA-HAARP, ALGERIA-CRAAG, AUSTRIA-UNIGRAZ, BIR, GERMANY-DLR, GREENLAND, HUMAIN, MEXICO-LANCE, SWISS-HEITERSWIL, SWISS-Landschlacht, SWISS-MUHEN, USA-BOSTON"
2024-04-20 16:15:00,[]
2024-04-21 06:45:00,"ALGERIA-CRAAG, ALMATY, AUSTRIA-OE3FLB, AUSTRIA-UNIGRAZ, BIR, EGYPT-Alexandria, GERMANY-DLR, GREENLAND, HUMAIN, INDIA-GAURI, INDIA-OOTY, MRO, SRI-Lanka, SWISS-HB9SCT, SWISS-HEITERSWIL, SWISS-Landschlacht, SWISS-MUHEN, TRIEST, USA-BOSTON"
2024-04-21 11:00:00,"ALASKA-COHOE, ALASKA-HAARP, ALGERIA-CRAAG, AUSTRIA-OE3FLB, AUSTRIA-UNIGRAZ, BIR, EGYPT-Alexandria, FINLAND-Siuntio, Finland-Kempele, GERMANY-DLR, GREENLAND, HUMAIN, MEXART, MEXICO-LANCE, MRO, (POLAND-Grotniki), ROSWELL-NM, SPAIN-PERALEJOS, SWISS-HEITERSWIL, SWISS-Landschlacht, SWISS-MUHEN, TRIEST, USA-BOSTON"
2024-04-21 14:00:00,"ALASKA-COHOE, ALASKA-HAARP, BIR, GREENLAND, MEXART, MEXICO-LANCE, SWISS-HEITERSWIL"
2024-04-21 17:45:00,"ALASKA-ANCHORAGE, ALASKA-COHOE, ALASKA-HAARP, Australia-ASSA, GREENLAND, MEXART, MEXICO-LANCE, ROSWELL-NM"
2024-04-22 11:45:00,"ALASKA-ANCHORAGE, ALASKA-COHOE, ALASKA-HAARP, ALGERIA-CRAAG, AUSTRIA-OE3FLB, AUSTRIA-UNIGRAZ, BIR, EGYPT-Alexandria, GERMANY-DLR, GREENLAND, HUMAIN, MEXART, MEXICO-LANCE, MRO, ROSWELL-NM, SPAIN-PERALEJOS, SWISS-HB9SCT, SWISS-HEITERSWIL, SWISS-Landschlacht, SWISS-MUHEN, TRIEST, USA-BOSTON"
2024-04-22 17:15:00,"(ALASKA-ANCHORAGE), ALASKA-COHOE, ALASKA-HAARP, GREENLAND, MEXICO-LANCE, (ROSWELL-NM)"
2024-04-23 08:30:00,"AUSTRIA-OE3FLB, AUSTRIA-UNIGRAZ, BIR, EGYPT-Alexandria, GERMANY-DLR, GREENLAND, HUMAIN, MRO, SPAIN-PERALEJOS, SWISS-HB9SCT, SWISS-HEITERSWIL, SWISS-MUHEN, TRIEST, USA-BOSTON"
2024-04-23 12:15:00,"ALASKA-ANCHORAGE, ALASKA-COHOE, ALASKA-HAARP, ALGERIA-CRAAG, AUSTRIA-UNIGRAZ, BIR, EGYPT-Alexandria, GERMANY-DLR, GREENLAND, HUMAIN, MEXART, MEXICO-LANCE, MRO, SWISS-HEITERSWIL, SWISS-Landschlacht, SWISS-MUHEN, TRIEST, USA-BOSTON"
2024-04-23 13:30:00,"ALASKA-ANCHORAGE, ALASKA-COHOE, ALASKA-HAARP, BIR, GERMANY-DLR, GREENLAND, MEXART, MEXICO-LANCE, MRO, ROSWELL-NM, SWISS-HEITERSWIL, SWISS-Landschlacht, SWISS-MUHEN, USA-BOSTON"
2024-04-23 13:45:00,"ALASKA-ANCHORAGE, ALASKA-COHOE, ALASKA-HAARP, BIR, GERMANY-DLR, GREENLAND, MEXART, MEXICO-LANCE, ROSWELL-NM, SWISS-HEITERSWIL, SWISS-Landschlacht, SWISS-MUHEN, USA-BOSTON"
2024-04-23 14:30:00,"ALASKA-ANCHORAGE, ALASKA-COHOE, ALASKA-HAARP, BIR, GREENLAND, MEXART, MEXICO-LANCE, ROSWELL-NM"
2024-04-24 12:30:00,"ALASKA-ANCHORAGE, ALASKA-COHOE, ALASKA-HAARP, ALGERIA-CRAAG, AUSTRIA-UNIGRAZ, BIR, GERMANY-DLR, GLASGOW, GREENLAND, HUMAIN, MEXART, MEXICO-LANCE, MRO, SWISS-HEITERSWIL, SWISS-Landschlacht, SWISS-MUHEN, USA-BOSTON"
2024-04-25 09:00:00,"ALGERIA-CRAAG, AUSTRIA-Krumbach, AUSTRIA-MICHELBACH, AUSTRIA-OE3FLB, AUSTRIA-UNIGRAZ, BIR, EGYPT-Alexandria, EGYPT-SpaceAgency, FINLAND-Siuntio, Finland-Kempele, GERMANY-DLR, GLASGOW, GREENLAND, HUMAIN, HURBANOVO, MEXART, MEXICO-LANCE, MRO, ROMANIA, SPAIN-PERALEJOS, SWISS-HB9SCT, SWISS-HEITERSWIL, SWISS-IRSOL, SWISS-Landschlacht, SWISS-MUHEN, TRIEST, USA-BOSTON"
2024-04-25 13:00:00,"ALASKA-ANCHORAGE, ALASKA-COHOE, ALASKA-HAARP, AUSTRIA-UNIGRAZ, BIR, GERMANY-DLR, GLASGOW, GREENLAND, MEXART, MEXICO-LANCE, MRO, ROSWELL-NM, SWISS-HEITERSWIL, SWISS-Landschlacht, (SWISS-MUHEN), USA-BOSTON"
2024-05-19 08:00:00,"ALGERIA-CRAAG, AUSTRIA-Krumbach, AUSTRIA-OE3FLB, BIR, EGYPT-Alexandria, EGYPT-SpaceAgency, FINLAND-Siuntio, Finland-Kempele, GERMANY-DLR, GREENLAND, HUMAIN, HURBANOVO, INDIA-UDAIPUR, MRO, NORWAY-EGERSUND, ROMANIA, SPAIN-PERALEJOS, SWISS-HB9SCT, SWISS-HEITERSWIL, SWISS-Landschlacht, SWISS-MUHEN, TRIEST, USA-BOSTON"
2024-05-19 08:30:00,"ALGERIA-CRAAG, AUSTRIA-Krumbach, AUSTRIA-MICHELBACH, AUSTRIA-OE3FLB, BIR, EGYPT-Alexandria, EGYPT-SpaceAgency, FINLAND-Siuntio, Finland-Kempele, GERMANY-DLR, GREENLAND, HUMAIN, INDIA-UDAIPUR, NORWAY-EGERSUND, ROMANIA, SPAIN-PERALEJOS, SWISS-HB9SCT, SWISS-HEITERSWIL, SWISS-IRSOL, SWISS-Landschlacht, SWISS-MUHEN, TRIEST, USA-BOSTON"
2024-05-19 09:15:00,"ALGERIA-CRAAG, AUSTRIA-OE3FLB, BIR, EGYPT-Alexandria, EGYPT-SpaceAgency, FINLAND-Siuntio, Finland-Kempele, GERMANY-DLR, GREENLAND, HUMAIN, HURBANOVO, MEXART, MEXICO-LANCE, MRO, NORWAY-EGERSUND, ROMANIA, SPAIN-PERALEJOS, SWISS-HEITERSWIL, SWISS-IRSOL, SWISS-Landschlacht, SWISS-MUHEN, TRIEST, USA-BOSTON"
2024-05-19 09:30:00,[]
2024-05-19 11:14:59,"ALASKA-ANCHORAGE, ALASKA-COHOE, ALASKA-HAARP, ALGERIA-CRAAG, BIR, EGYPT-Alexandria, GERMANY-DLR, GREENLAND, HUMAIN, MEXART, MEXICO-LANCE, MRO, NORWAY-EGERSUND, SWISS-HEITERSWIL, SWISS-IRSOL, SWISS-Landschlacht, SWISS-MUHEN, TRIEST, USA-BOSTON"
2024-05-19 11:44:59,"ALASKA-ANCHORAGE, ALASKA-COHOE, ALASKA-HAARP, ALGERIA-CRAAG, AUSTRIA-MICHELBACH, AUSTRIA-OE3FLB, BIR, EGYPT-Alexandria, FINLAND-Siuntio, Finland-Kempele, GERMANY-DLR, GREENLAND, HUMAIN, MEXICO-LANCE, MRO, NORWAY-EGERSUND, ROMANIA, ROSWELL-NM, SPAIN-PERALEJOS, SWISS-HEITERSWIL, SWISS-IRSOL, SWISS-Landschlacht, SWISS-MUHEN, TRIEST, URUGUAY, USA-BOSTON"
2024-05-19 13:15:00,"ALASKA-ANCHORAGE, ALASKA-COHOE, ALASKA-HAARP, ALGERIA-CRAAG, BIR, GERMANY-DLR, GREENLAND, HUMAIN, MEXART, MEXICO-LANCE, MRO, NORWAY-EGERSUND, ROSWELL-NM, SWISS-HEITERSWIL, SWISS-Landschlacht, USA-BOSTON"
2024-05-19 13:45:00,"ALASKA-ANCHORAGE, ALASKA-COHOE, ALASKA-HAARP, ALGERIA-CRAAG, AUSTRIA-MICHELBACH, BIR, GERMANY-DLR, GREENLAND, HUMAIN, MEXART, MEXICO-LANCE, MRO, NORWAY-EGERSUND, ROSWELL-NM, SPAIN-PERALEJOS, SWISS-HEITERSWIL, SWISS-Landschlacht, SWISS-MUHEN, USA-BOSTON"
2024-05-20 10:00:00,"BIR, GERMANY-DLR, GLASGOW, GREENLAND, HUMAIN, MEXART, MEXICO-LANCE, NORWAY-EGERSUND, SWISS-HEITERSWIL, SWISS-Landschlacht, (USA-BOSTON)"
2024-05-21 17:00:00,"ALASKA-COHOE, ALASKA-HAARP, GREENLAND, MEXART, MEXICO-FCFM-UAN, MEXICO-LANCE"
2024-05-22 08:45:00,[]
2024-05-23 08:45:00,[]
2024-05-23 09:00:00,"BIR, *"
2024-05-24 08:45:00,"GERMANY-DLR, *"
2024-05-27 13:45:00,"MEXART, *"
2024-05-29 10:45:00,"MEXICO-LANCE, *"
2024-06-03 12:30:00,"MEXART, *"
2024-06-07 10:29:59,"ALGERIA-CRAAG, *"
2024-06-11 12:30:00,"GLASGOW, *"
2024-06-20 13:30:00,"ALASKA-ANCHORAGE, ALASKA-COHOE, ALASKA-HAARP, ALGERIA-CRAAG, BIR, FINLAND-Siuntio, GERMANY-DLR, GREENLAND, MEXART, MEXICO-FCFM-UANL, MEXICO-LANCE, MRO, NORWAY-EGERSUND, ROSWELL-NM, SWISS-HEITERSWIL, SWISS-Landschlacht, SWISS-MUHEN, USA-BOSTON"
2024-06-21 10:15:00,"ALASKA-COHOE, ALASKA-HAARP, ALGERIA-CRAAG, AUSTRIA-OE3FLB, AUSTRIA-UNIGRAZ, BIR, EGYPT-Alexandria, GERMANY-DLR, GLASGOW, GREENLAND, HUMAIN, MEXART, MEXICO-FCFM-UANL, MEXICO-LANCE, MRO, NORWAY-EGERSUND, ROSWELL-NM, SPAIN-PERALEJOS, SWISS-HEITERSWIL, SWISS-Landschlacht, SWISS-MUHEN, TRIEST, USA-BOSTON"
2024-06-21 19:30:00,"MEXICO-LANCE, *"
2024-06-21 19:45:00,[]
2024-06-24 12:30:00,"ALASKA-COHOE, ALASKA-HAARP, ALGERIA-CRAAG, AUSTRIA-UNIGRAZ, BIR, GERMANY-DLR, GLASGOW, GREENLAND, HUMAIN, MEXART, MEXICO-FCFM-UANL, MEXICO-LANCE, MRO, NORWAY-EGERSUND, ROSWELL-NM, SWISS-HEITERSWIL, SWISS-Landschlacht, SWISS-MUHEN, USA-BOSTON"
2024-06-25 12:45:00,"ALASKA-COHOE, ALASKA-HAARP, ALGERIA-CRAAG, AUSTRIA-UNIGRAZ, BIR, GERMANY-DLR, GLASGOW, GREENLAND, MEXART, MEXICO-FCFM-UANL, MEXICO-LANCE, MRO, NORWAY-EGERSUND, ROSWELL-NM, SWISS-HEITERSWIL, SWISS-Landschlacht, SWISS-MUHEN, USA-BOSTON"
2024-06-25 18:15:00,"ALASKA-COHOE, ALASKA-HAARP, (MEXICO-LANCE)"
2024-06-26 20:00:00,"ALASKA-COHOE, ALASKA-HAARP, Australia-ASSA, MEXART"
2024-06-27 07:30:00,"BIR, EGYPT-Alexandria, GERMANY-DLR, GLASGOW, GREENLAND, HUMAIN, MRO, NORWAY-EGERSUND, SWISS-HEITERSWIL, SWISS-Landschlacht, SWISS-MUHEN, (TRIEST), USA-BOSTON"
2024-06-27 15:45:00,"ALASKA-ANCHORAGE, ALASKA-COHOE, ALASKA-HAARP, GLASGOW, GREENLAND, MEXICO-FCFM-UANL, ROSWELL-NM"
2024-06-27 17:00:00,"ALASKA-ANCHORAGE, ALASKA-COHOE, ALASKA-HAARP, GREENLAND, MEXICO-FCFM-UANL, ROSWELL-NM"
2024-06-27 19:30:00,"ALASKA-ANCHORAGE, ALASKA-COHOE, ALASKA-HAARP, Australia-ASSA, KASI, MEXICO-FCFM-UANL, (Malaysia-Banting), ROSWELL-NM, TAIWAN-NCU"
2024-06-27 19:45:00,[]
2024-07-01 06:45:00,"BIR, GERMANY-DLR, GREENLAND, SWISS-Landschlacht, SWISS-MUHEN, USA-BOSTON"
2024-07-01 09:30:00,"ALASKA-COHOE, ALASKA-HAARP, AUSTRIA-OE3FLB, AUSTRIA-UNIGRAZ, BIR, EGYPT-Alexandria, GERMANY-DLR, GLASGOW, GREENLAND, HUMAIN, MEXART, MEXICO-LANCE, MRO, NORWAY-EGERSUND, SWISS-HEITERSWIL, SWISS-Landschlacht, SWISS-MUHEN, USA-BOSTON"
