path,datetime,type,burst
2024-03-10/Beelink1_20240310_183000_59.fit,2024-03-10 18:30:00,3,1
2024-03-10/Beelink1_20240310_184500_59.fit,2024-03-10 18:45:00,3,1
2024-03-11\Beelink1_20240311_063000_59.fit,2024-03-11 06:30:00,0,0
2024-03-11\Beelink1_20240311_064500_59.fit,2024-03-11 06:45:00,0,0
2024-03-11\Beelink1_20240311_070000_59.fit,2024-03-11 07:00:00,0,0
2024-03-11\Beelink1_20240311_071500_59.fit,2024-03-11 07:15:00,0,0
2024-03-11\Beelink1_20240311_073000_59.fit,2024-03-11 07:30:00,0,0
2024-03-11\Beelink1_20240311_074500_59.fit,2024-03-11 07:45:00,0,0
2024-03-11\Beelink1_20240311_080000_59.fit,2024-03-11 08:00:00,0,0
2024-03-11\Beelink1_20240311_081500_59.fit,2024-03-11 08:15:00,0,0
2024-03-11\Beelink1_20240311_083000_59.fit,2024-03-11 08:30:00,0,0
2024-03-11\Beelink1_20240311_084500_59.fit,2024-03-11 08:45:00,0,0
2024-03-11\Beelink1_20240311_090000_59.fit,2024-03-11 09:00:00,0,0
2024-03-11\Beelink1_20240311_091500_59.fit,2024-03-11 09:15:00,0,0
2024-03-11\Beelink1_20240311_093000_59.fit,2024-03-11 09:30:00,0,0
2024-03-11\Beelink1_20240311_094500_59.fit,2024-03-11 09:45:00,0,0
2024-03-11\Beelink1_20240311_100000_59.fit,2024-03-11 10:00:00,0,0
2024-03-11\Beelink1_20240311_101500_59.fit,2024-03-11 10:15:00,0,0
2024-03-11\Beelink1_20240311_102959_59.fit,2024-03-11 10:29:59,0,0
2024-03-11\Beelink1_20240311_104459_59.fit,2024-03-11 10:44:59,0,0
2024-03-11\Beelink1_20240311_105959_59.fit,2024-03-11 10:59:59,0,0
2024-03-11\Beelink1_20240311_111459_59.fit,2024-03-11 11:14:59,0,0
2024-03-11\Beelink1_20240311_112959_59.fit,2024-03-11 11:29:59,0,0
2024-03-11\Beelink1_20240311_114459_59.fit,2024-03-11 11:44:59,0,0
2024-03-11\Beelink1_20240311_115959_59.fit,2024-03-11 11:59:59,0,0
2024-03-11\Beelink1_20240311_121459_59.fit,2024-03-11 12:14:59,0,0
2024-03-11\Beelink1_20240311_123000_59.fit,2024-03-11 12:30:00,0,0
2024-03-11\Beelink1_20240311_124500_59.fit,2024-03-11 12:45:00,0,0
2024-03-11\Beelink1_20240311_130000_59.fit,2024-03-11 13:00:00,0,0
2024-03-11\Beelink1_20240311_131500_59.fit,2024-03-11 13:15:00,0,0
2024-03-11\Beelink1_20240311_133000_59.fit,2024-03-11 13:30:00,0,0
2024-03-11\Beelink1_20240311_134500_59.fit,2024-03-11 13:45:00,0,0
2024-03-11\Beelink1_20240311_140000_59.fit,2024-03-11 14:00:00,0,0
2024-03-11\Beelink1_20240311_141500_59.fit,2024-03-11 14:15:00,0,0
2024-03-11\Beelink1_20240311_143000_59.fit,2024-03-11 14:30:00,0,0
2024-03-11\Beelink1_20240311_144500_59.fit,2024-03-11 14:45:00,0,0
2024-03-11\Beelink1_20240311_150000_59.fit,2024-03-11 15:00:00,0,0
2024-03-11\Beelink1_20240311_151500_59.fit,2024-03-11 15:15:00,0,0
2024-03-11\Beelink1_20240311_153000_59.fit,2024-03-11 15:30:00,0,0
2024-03-11\Beelink1_20240311_154500_59.fit,2024-03-11 15:45:00,0,0
2024-03-11\Beelink1_20240311_160000_59.fit,2024-03-11 16:00:00,0,0
2024-03-11\Beelink1_20240311_161500_59.fit,2024-03-11 16:15:00,0,0
2024-03-11\Beelink1_20240311_163000_59.fit,2024-03-11 16:30:00,0,0
2024-03-11\Beelink1_20240311_164500_59.fit,2024-03-11 16:45:00,0,0
2024-03-11\Beelink1_20240311_170000_59.fit,2024-03-11 17:00:00,0,0
2024-03-11\Beelink1_20240311_171500_59.fit,2024-03-11 17:15:00,0,0
2024-03-11\Beelink1_20240311_173000_59.fit,2024-03-11 17:30:00,0,0
2024-03-11\Beelink1_20240311_174500_59.fit,2024-03-11 17:45:00,0,0
2024-03-11\Beelink1_20240311_180000_59.fit,2024-03-11 18:00:00,0,0
2024-03-11\Beelink1_20240311_181500_59.fit,2024-03-11 18:15:00,0,0
2024-03-11\Beelink1_20240311_183000_59.fit,2024-03-11 18:30:00,0,0
2024-03-11\Beelink1_20240311_184500_59.fit,2024-03-11 18:45:00,0,0
2024-03-11\Beelink1_20240311_190000_59.fit,2024-03-11 19:00:00,0,0
2024-03-11\Beelink1_20240311_191500_59.fit,2024-03-11 19:15:00,0,0
2024-03-11\Beelink1_20240311_193000_59.fit,2024-03-11 19:30:00,0,0
2024-03-11\Beelink1_20240311_194500_59.fit,2024-03-11 19:45:00,0,0
2024-03-11\Beelink1_20240311_200000_59.fit,2024-03-11 20:00:00,0,0
2024-03-11\Beelink1_20240311_201500_59.fit,2024-03-11 20:15:00,0,0
2024-03-11\Beelink1_20240311_203000_59.fit,2024-03-11 20:30:00,0,0
2024-03-11\Beelink1_20240311_204500_59.fit,2024-03-11 20:45:00,0,0
2024-03-30\Beelink1_20240330_063000_59.fit,2024-03-30 06:30:00,0,0
2024-03-30\Beelink1_20240330_064500_59.fit,2024-03-30 06:45:00,0,0
2024-03-30\Beelink1_20240330_070000_59.fit,2024-03-30 07:00:00,0,0
2024-03-30\Beelink1_20240330_071500_59.fit,2024-03-30 07:15:00,0,0
2024-03-30\Beelink1_20240330_073000_59.fit,2024-03-30 07:30:00,0,0
2024-03-30\Beelink1_20240330_074500_59.fit,2024-03-30 07:45:00,0,0
2024-03-30\Beelink1_20240330_080000_59.fit,2024-03-30 08:00:00,0,0
2024-03-30\Beelink1_20240330_081500_59.fit,2024-03-30 08:15:00,0,0
2024-03-30\Beelink1_20240330_083000_59.fit,2024-03-30 08:30:00,0,0
2024-03-30\Beelink1_20240330_084500_59.fit,2024-03-30 08:45:00,0,0
2024-03-30\Beelink1_20240330_090000_59.fit,2024-03-30 09:00:00,0,0
2024-03-30\Beelink1_20240330_091500_59.fit,2024-03-30 09:15:00,0,0
2024-03-30\Beelink1_20240330_093000_59.fit,2024-03-30 09:30:00,0,0
2024-03-30\Beelink1_20240330_094500_59.fit,2024-03-30 09:45:00,0,0
2024-03-30\Beelink1_20240330_100000_59.fit,2024-03-30 10:00:00,0,0
2024-03-30\Beelink1_20240330_101500_59.fit,2024-03-30 10:15:00,0,0
2024-03-30\Beelink1_20240330_103000_59.fit,2024-03-30 10:30:00,0,0
2024-03-30\Beelink1_20240330_104459_59.fit,2024-03-30 10:44:59,0,0
2024-03-30\Beelink1_20240330_105959_59.fit,2024-03-30 10:59:59,0,0
2024-03-30\Beelink1_20240330_111459_59.fit,2024-03-30 11:14:59,0,0
2024-03-30\Beelink1_20240330_112959_59.fit,2024-03-30 11:29:59,0,0
2024-03-30\Beelink1_20240330_114459_59.fit,2024-03-30 11:44:59,0,0
2024-03-30\Beelink1_20240330_115959_59.fit,2024-03-30 11:59:59,0,0
2024-03-30\Beelink1_20240330_121459_59.fit,2024-03-30 12:14:59,0,0
2024-03-30\Beelink1_20240330_123000_59.fit,2024-03-30 12:30:00,0,0
2024-03-30\Beelink1_20240330_124500_59.fit,2024-03-30 12:45:00,0,0
2024-03-30\Beelink1_20240330_130000_59.fit,2024-03-30 13:00:00,0,0
2024-03-30\Beelink1_20240330_131500_59.fit,2024-03-30 13:15:00,0,0
2024-03-30\Beelink1_20240330_133000_59.fit,2024-03-30 13:30:00,0,0
2024-03-30\Beelink1_20240330_134500_59.fit,2024-03-30 13:45:00,0,0
2024-03-30\Beelink1_20240330_140000_59.fit,2024-03-30 14:00:00,0,0
2024-03-30\Beelink1_20240330_141500_59.fit,2024-03-30 14:15:00,0,0
2024-03-30\Beelink1_20240330_143000_59.fit,2024-03-30 14:30:00,0,0
2024-03-30/Beelink1_20240330_143000_59.fit,2024-03-30 14:30:00,3,1
2024-03-30\Beelink1_20240330_144500_59.fit,2024-03-30 14:45:00,0,0
2024-03-30\Beelink1_20240330_150000_59.fit,2024-03-30 15:00:00,0,0
2024-03-30\Beelink1_20240330_151500_59.fit,2024-03-30 15:15:00,0,0
2024-03-30\Beelink1_20240330_153000_59.fit,2024-03-30 15:30:00,0,0
2024-03-30\Beelink1_20240330_154500_59.fit,2024-03-30 15:45:00,0,0
2024-03-30\Beelink1_20240330_160000_59.fit,2024-03-30 16:00:00,0,0
2024-03-30\Beelink1_20240330_161500_59.fit,2024-03-30 16:15:00,0,0
2024-03-30\Beelink1_20240330_163000_59.fit,2024-03-30 16:30:00,0,0
2024-03-30\Beelink1_20240330_164500_59.fit,2024-03-30 16:45:00,0,0
2024-03-30\Beelink1_20240330_170000_59.fit,2024-03-30 17:00:00,0,0
2024-03-30\Beelink1_20240330_171500_59.fit,2024-03-30 17:15:00,0,0
2024-03-30\Beelink1_20240330_173000_59.fit,2024-03-30 17:30:00,0,0
2024-03-30\Beelink1_20240330_174500_59.fit,2024-03-30 17:45:00,0,0
2024-03-30\Beelink1_20240330_180000_59.fit,2024-03-30 18:00:00,0,0
2024-03-30\Beelink1_20240330_181500_59.fit,2024-03-30 18:15:00,0,0
2024-03-30\Beelink1_20240330_183000_59.fit,2024-03-30 18:30:00,0,0
2024-03-30\Beelink1_20240330_184500_59.fit,2024-03-30 18:45:00,0,0
2024-03-30\Beelink1_20240330_190000_59.fit,2024-03-30 19:00:00,0,0
2024-03-30\Beelink1_20240330_191500_59.fit,2024-03-30 19:15:00,0,0
2024-03-30\Beelink1_20240330_193000_59.fit,2024-03-30 19:30:00,0,0
2024-03-30\Beelink1_20240330_194500_59.fit,2024-03-30 19:45:00,0,0
2024-03-30\Beelink1_20240330_200000_59.fit,2024-03-30 20:00:00,0,0
2024-03-30\Beelink1_20240330_201500_59.fit,2024-03-30 20:15:00,0,0
2024-03-30\Beelink1_20240330_203000_59.fit,2024-03-30 20:30:00,0,0
2024-03-30\Beelink1_20240330_204500_59.fit,2024-03-30 20:45:00,0,0
2024-04-07\Beelink1_20240407_063000_59.fit,2024-04-07 06:30:00,0,0
2024-04-07\Beelink1_20240407_064500_59.fit,2024-04-07 06:45:00,0,0
2024-04-07\Beelink1_20240407_070000_59.fit,2024-04-07 07:00:00,0,0
2024-04-07\Beelink1_20240407_071500_59.fit,2024-04-07 07:15:00,0,0
2024-04-07\Beelink1_20240407_073000_59.fit,2024-04-07 07:30:00,0,0
2024-04-07\Beelink1_20240407_074500_59.fit,2024-04-07 07:45:00,0,0
2024-04-07\Beelink1_20240407_080000_59.fit,2024-04-07 08:00:00,0,0
2024-04-07\Beelink1_20240407_081500_59.fit,2024-04-07 08:15:00,0,0
2024-04-07\Beelink1_20240407_083000_59.fit,2024-04-07 08:30:00,0,0
2024-04-07\Beelink1_20240407_084500_59.fit,2024-04-07 08:45:00,0,0
2024-04-07\Beelink1_20240407_090000_59.fit,2024-04-07 09:00:00,0,0
2024-04-07\Beelink1_20240407_091500_59.fit,2024-04-07 09:15:00,0,0
2024-04-07\Beelink1_20240407_093000_59.fit,2024-04-07 09:30:00,0,0
2024-04-07\Beelink1_20240407_094500_59.fit,2024-04-07 09:45:00,0,0
2024-04-07\Beelink1_20240407_100000_59.fit,2024-04-07 10:00:00,0,0
2024-04-07\Beelink1_20240407_101500_59.fit,2024-04-07 10:15:00,0,0
2024-04-07\Beelink1_20240407_103000_59.fit,2024-04-07 10:30:00,0,0
2024-04-07\Beelink1_20240407_104500_59.fit,2024-04-07 10:45:00,0,0
2024-04-07\Beelink1_20240407_110000_59.fit,2024-04-07 11:00:00,0,0
2024-04-07\Beelink1_20240407_111500_59.fit,2024-04-07 11:15:00,0,0
2024-04-07\Beelink1_20240407_113000_59.fit,2024-04-07 11:30:00,0,0
2024-04-07\Beelink1_20240407_114500_59.fit,2024-04-07 11:45:00,0,0
2024-04-07\Beelink1_20240407_120000_59.fit,2024-04-07 12:00:00,0,0
2024-04-07\Beelink1_20240407_121500_59.fit,2024-04-07 12:15:00,0,0
2024-04-07\Beelink1_20240407_123000_59.fit,2024-04-07 12:30:00,0,0
2024-04-07\Beelink1_20240407_124500_59.fit,2024-04-07 12:45:00,0,0
2024-04-07\Beelink1_20240407_130000_59.fit,2024-04-07 13:00:00,0,0
2024-04-07\Beelink1_20240407_131500_59.fit,2024-04-07 13:15:00,0,0
2024-04-07\Beelink1_20240407_133000_59.fit,2024-04-07 13:30:00,0,0
2024-04-07\Beelink1_20240407_134500_59.fit,2024-04-07 13:45:00,0,0
2024-04-07\Beelink1_20240407_140000_59.fit,2024-04-07 14:00:00,0,0
2024-04-07\Beelink1_20240407_141500_59.fit,2024-04-07 14:15:00,0,0
2024-04-07\Beelink1_20240407_143000_59.fit,2024-04-07 14:30:00,0,0
2024-04-07\Beelink1_20240407_144500_59.fit,2024-04-07 14:45:00,0,0
2024-04-07\Beelink1_20240407_150000_59.fit,2024-04-07 15:00:00,0,0
2024-04-07\Beelink1_20240407_151500_59.fit,2024-04-07 15:15:00,0,0
2024-04-07\Beelink1_20240407_153000_59.fit,2024-04-07 15:30:00,0,0
2024-04-07\Beelink1_20240407_154500_59.fit,2024-04-07 15:45:00,0,0
2024-04-07\Beelink1_20240407_160000_59.fit,2024-04-07 16:00:00,0,0
2024-04-07\Beelink1_20240407_161500_59.fit,2024-04-07 16:15:00,0,0
2024-04-07\Beelink1_20240407_163000_59.fit,2024-04-07 16:30:00,0,0
2024-04-07\Beelink1_20240407_164500_59.fit,2024-04-07 16:45:00,0,0
2024-04-07\Beelink1_20240407_170000_59.fit,2024-04-07 17:00:00,0,0
2024-04-07\Beelink1_20240407_171500_59.fit,2024-04-07 17:15:00,0,0
2024-04-07\Beelink1_20240407_173000_59.fit,2024-04-07 17:30:00,0,0
2024-04-07\Beelink1_20240407_174500_59.fit,2024-04-07 17:45:00,0,0
2024-04-07\Beelink1_20240407_180000_59.fit,2024-04-07 18:00:00,0,0
2024-04-07\Beelink1_20240407_181500_59.fit,2024-04-07 18:15:00,0,0
2024-04-07\Beelink1_20240407_183000_59.fit,2024-04-07 18:30:00,0,0
2024-04-07\Beelink1_20240407_184500_59.fit,2024-04-07 18:45:00,0,0
2024-04-07\Beelink1_20240407_190000_59.fit,2024-04-07 19:00:00,0,0
2024-04-07\Beelink1_20240407_191500_59.fit,2024-04-07 19:15:00,0,0
2024-04-07\Beelink1_20240407_193000_59.fit,2024-04-07 19:30:00,0,0
2024-04-07\Beelink1_20240407_194500_59.fit,2024-04-07 19:45:00,0,0
2024-04-07\Beelink1_20240407_200000_59.fit,2024-04-07 20:00:00,0,0
2024-04-07\Beelink1_20240407_201500_59.fit,2024-04-07 20:15:00,0,0
2024-04-07\Beelink1_20240407_203000_59.fit,2024-04-07 20:30:00,0,0
2024-04-07\Beelink1_20240407_204500_59.fit,2024-04-07 20:45:00,0,0
2024-04-15/Beelink1_20240415_173000_59.fit,2024-04-15 17:30:00,6,1
2024-04-16\Beelink1_20240416_063000_59.fit,2024-04-16 06:30:00,0,0
2024-04-16\Beelink1_20240416_064500_59.fit,2024-04-16 06:45:00,0,0
2024-04-16\Beelink1_20240416_070000_59.fit,2024-04-16 07:00:00,0,0
2024-04-16\Beelink1_20240416_071500_59.fit,2024-04-16 07:15:00,0,0
2024-04-16\Beelink1_20240416_073000_59.fit,2024-04-16 07:30:00,0,0
2024-04-16\Beelink1_20240416_074500_59.fit,2024-04-16 07:45:00,0,0
2024-04-16\Beelink1_20240416_080000_59.fit,2024-04-16 08:00:00,0,0
2024-04-16\Beelink1_20240416_081500_59.fit,2024-04-16 08:15:00,0,0
2024-04-16\Beelink1_20240416_083000_59.fit,2024-04-16 08:30:00,0,0
2024-04-16\Beelink1_20240416_084500_59.fit,2024-04-16 08:45:00,0,0
2024-04-16\Beelink1_20240416_090000_59.fit,2024-04-16 09:00:00,0,0
2024-04-16\Beelink1_20240416_091500_59.fit,2024-04-16 09:15:00,0,0
2024-04-16\Beelink1_20240416_093000_59.fit,2024-04-16 09:30:00,0,0
2024-04-16\Beelink1_20240416_094500_59.fit,2024-04-16 09:45:00,0,0
2024-04-16\Beelink1_20240416_100000_59.fit,2024-04-16 10:00:00,0,0
2024-04-16\Beelink1_20240416_101500_59.fit,2024-04-16 10:15:00,0,0
2024-04-16\Beelink1_20240416_103000_59.fit,2024-04-16 10:30:00,0,0
2024-04-16\Beelink1_20240416_104500_59.fit,2024-04-16 10:45:00,0,0
2024-04-16\Beelink1_20240416_110000_59.fit,2024-04-16 11:00:00,0,0
2024-04-16\Beelink1_20240416_111500_59.fit,2024-04-16 11:15:00,0,0
2024-04-16\Beelink1_20240416_113000_59.fit,2024-04-16 11:30:00,0,0
2024-04-16\Beelink1_20240416_114500_59.fit,2024-04-16 11:45:00,0,0
2024-04-16\Beelink1_20240416_120000_59.fit,2024-04-16 12:00:00,0,0
2024-04-16\Beelink1_20240416_121500_59.fit,2024-04-16 12:15:00,0,0
2024-04-16\Beelink1_20240416_123000_59.fit,2024-04-16 12:30:00,0,0
2024-04-16\Beelink1_20240416_124500_59.fit,2024-04-16 12:45:00,0,0
2024-04-16\Beelink1_20240416_130000_59.fit,2024-04-16 13:00:00,0,0
2024-04-16\Beelink1_20240416_131500_59.fit,2024-04-16 13:15:00,0,0
2024-04-16\Beelink1_20240416_133000_59.fit,2024-04-16 13:30:00,0,0
2024-04-16\Beelink1_20240416_134500_59.fit,2024-04-16 13:45:00,0,0
2024-04-16\Beelink1_20240416_140000_59.fit,2024-04-16 14:00:00,0,0
2024-04-16\Beelink1_20240416_141500_59.fit,2024-04-16 14:15:00,0,0
2024-04-16\Beelink1_20240416_143000_59.fit,2024-04-16 14:30:00,0,0
2024-04-16\Beelink1_20240416_144500_59.fit,2024-04-16 14:45:00,0,0
2024-04-16\Beelink1_20240416_150000_59.fit,2024-04-16 15:00:00,0,0
2024-04-16\Beelink1_20240416_151500_59.fit,2024-04-16 15:15:00,0,0
2024-04-16\Beelink1_20240416_153000_59.fit,2024-04-16 15:30:00,0,0
2024-04-16\Beelink1_20240416_154500_59.fit,2024-04-16 15:45:00,0,0
2024-04-16\Beelink1_20240416_160000_59.fit,2024-04-16 16:00:00,0,0
2024-04-16\Beelink1_20240416_161500_59.fit,2024-04-16 16:15:00,0,0
2024-04-16\Beelink1_20240416_163000_59.fit,2024-04-16 16:30:00,0,0
2024-04-16\Beelink1_20240416_164500_59.fit,2024-04-16 16:45:00,0,0
2024-04-16\Beelink1_20240416_170000_59.fit,2024-04-16 17:00:00,0,0
2024-04-16\Beelink1_20240416_171500_59.fit,2024-04-16 17:15:00,0,0
2024-04-16\Beelink1_20240416_173000_59.fit,2024-04-16 17:30:00,0,0
2024-04-16\Beelink1_20240416_174500_59.fit,2024-04-16 17:45:00,0,0
2024-04-16\Beelink1_20240416_180000_59.fit,2024-04-16 18:00:00,0,0
2024-04-16\Beelink1_20240416_181500_59.fit,2024-04-16 18:15:00,0,0
2024-04-16\Beelink1_20240416_183000_59.fit,2024-04-16 18:30:00,0,0
2024-04-16\Beelink1_20240416_184500_59.fit,2024-04-16 18:45:00,0,0
2024-04-16\Beelink1_20240416_190000_59.fit,2024-04-16 19:00:00,0,0
2024-04-16\Beelink1_20240416_191500_59.fit,2024-04-16 19:15:00,0,0
2024-04-16\Beelink1_20240416_193000_59.fit,2024-04-16 19:30:00,0,0
2024-04-16\Beelink1_20240416_194500_59.fit,2024-04-16 19:45:00,0,0
2024-04-16\Beelink1_20240416_200000_59.fit,2024-04-16 20:00:00,0,0
2024-04-16\Beelink1_20240416_201500_59.fit,2024-04-16 20:15:00,0,0
2024-04-16\Beelink1_20240416_203000_59.fit,2024-04-16 20:30:00,0,0
2024-04-16\Beelink1_20240416_204500_59.fit,2024-04-16 20:45:00,0,0
2024-04-17/Beelink1_20240417_123000_59.fit,2024-04-17 12:30:00,3,1
2024-04-17/Beelink1_20240417_124500_59.fit,2024-04-17 12:45:00,3,1
2024-04-17/Beelink1_20240417_141500_59.fit,2024-04-17 14:15:00,6,1
2024-04-17/Beelink1_20240417_160000_59.fit,2024-04-17 16:00:00,5,1
2024-04-17/Beelink1_20240417_191500_59.fit,2024-04-17 19:15:00,6,1
2024-04-18/Beelink1_20240418_130000_59.fit,2024-04-18 13:00:00,3,1
2024-04-18/Beelink1_20240418_184500_59.fit,2024-04-18 18:45:00,3,1
2024-04-18/Beelink1_20240418_193000_59.fit,2024-04-18 19:30:00,3,1
2024-04-19\Beelink1_20240419_063000_59.fit,2024-04-19 06:30:00,0,0
2024-04-19\Beelink1_20240419_064500_59.fit,2024-04-19 06:45:00,0,0
2024-04-19\Beelink1_20240419_070000_59.fit,2024-04-19 07:00:00,0,0
2024-04-19\Beelink1_20240419_071500_59.fit,2024-04-19 07:15:00,0,0
2024-04-19\Beelink1_20240419_073000_59.fit,2024-04-19 07:30:00,0,0
2024-04-19\Beelink1_20240419_074500_59.fit,2024-04-19 07:45:00,0,0
2024-04-19\Beelink1_20240419_080000_59.fit,2024-04-19 08:00:00,0,0
2024-04-19\Beelink1_20240419_081500_59.fit,2024-04-19 08:15:00,0,0
2024-04-19\Beelink1_20240419_083000_59.fit,2024-04-19 08:30:00,0,0
2024-04-19\Beelink1_20240419_084500_59.fit,2024-04-19 08:45:00,0,0
2024-04-19\Beelink1_20240419_090000_59.fit,2024-04-19 09:00:00,0,0
2024-04-19/Beelink1_20240419_090000_59.fit,2024-04-19 09:00:00,6,1
2024-04-19\Beelink1_20240419_091500_59.fit,2024-04-19 09:15:00,0,0
2024-04-19\Beelink1_20240419_093000_59.fit,2024-04-19 09:30:00,0,0
2024-04-19\Beelink1_20240419_094500_59.fit,2024-04-19 09:45:00,0,0
2024-04-19/Beelink1_20240419_094500_59.fit,2024-04-19 09:45:00,6,1
2024-04-19\Beelink1_20240419_100000_59.fit,2024-04-19 10:00:00,0,0
2024-04-19/Beelink1_20240419_100000_59.fit,2024-04-19 10:00:00,6,1
2024-04-19\Beelink1_20240419_101500_59.fit,2024-04-19 10:15:00,0,0
2024-04-19\Beelink1_20240419_103000_59.fit,2024-04-19 10:30:00,0,0
2024-04-19/Beelink1_20240419_103000_59.fit,2024-04-19 10:30:00,6,1
2024-04-19/Beelink1_20240419_104500_59.fit,2024-04-19 10:45:00,6,1
2024-04-19\Beelink1_20240419_104500_59.fit,2024-04-19 10:45:00,0,0
2024-04-19\Beelink1_20240419_110000_59.fit,2024-04-19 11:00:00,0,0
2024-04-19/Beelink1_20240419_110000_59.fit,2024-04-19 11:00:00,6,1
2024-04-19\Beelink1_20240419_111500_59.fit,2024-04-19 11:15:00,0,0
2024-04-19\Beelink1_20240419_113000_59.fit,2024-04-19 11:30:00,0,0
2024-04-19\Beelink1_20240419_114500_59.fit,2024-04-19 11:45:00,0,0
2024-04-19\Beelink1_20240419_120000_59.fit,2024-04-19 12:00:00,0,0
2024-04-19\Beelink1_20240419_121500_59.fit,2024-04-19 12:15:00,0,0
2024-04-19\Beelink1_20240419_123000_59.fit,2024-04-19 12:30:00,0,0
2024-04-19/Beelink1_20240419_123000_59.fit,2024-04-19 12:30:00,7,1
2024-04-19\Beelink1_20240419_124500_59.fit,2024-04-19 12:45:00,0,0
2024-04-19\Beelink1_20240419_130000_59.fit,2024-04-19 13:00:00,0,0
2024-04-19\Beelink1_20240419_131500_59.fit,2024-04-19 13:15:00,0,0
2024-04-19/Beelink1_20240419_131500_59.fit,2024-04-19 13:15:00,6,1
2024-04-19\Beelink1_20240419_133000_59.fit,2024-04-19 13:30:00,0,0
2024-04-19\Beelink1_20240419_134500_59.fit,2024-04-19 13:45:00,0,0
2024-04-19/Beelink1_20240419_134500_59.fit,2024-04-19 13:45:00,6,1
2024-04-19\Beelink1_20240419_140000_59.fit,2024-04-19 14:00:00,0,0
2024-04-19/Beelink1_20240419_140000_59.fit,2024-04-19 14:00:00,6,1
2024-04-19\Beelink1_20240419_141500_59.fit,2024-04-19 14:15:00,0,0
2024-04-19\Beelink1_20240419_143332_59.fit,2024-04-19 14:33:32,0,0
2024-04-19/Beelink1_20240419_143332_59.fit,2024-04-19 14:33:32,6,1
2024-04-19\Beelink1_20240419_144832_59.fit,2024-04-19 14:48:32,0,0
2024-04-19/Beelink1_20240419_144832_59.fit,2024-04-19 14:48:32,6,1
2024-04-19\Beelink1_20240419_150332_59.fit,2024-04-19 15:03:32,0,0
2024-04-19/Beelink1_20240419_150332_59.fit,2024-04-19 15:03:32,3,1
2024-04-19\Beelink1_20240419_151831_59.fit,2024-04-19 15:18:31,0,0
2024-04-19/Beelink1_20240419_151831_59.fit,2024-04-19 15:18:31,6,1
2024-04-19\Beelink1_20240419_153331_59.fit,2024-04-19 15:33:31,0,0
2024-04-19\Beelink1_20240419_154831_59.fit,2024-04-19 15:48:31,0,0
2024-04-19\Beelink1_20240419_160331_59.fit,2024-04-19 16:03:31,0,0
2024-04-19\Beelink1_20240419_161831_59.fit,2024-04-19 16:18:31,0,0
2024-04-19\Beelink1_20240419_163000_59.fit,2024-04-19 16:30:00,0,0
2024-04-19/Beelink1_20240419_164500_59.fit,2024-04-19 16:45:00,6,1
2024-04-19\Beelink1_20240419_164500_59.fit,2024-04-19 16:45:00,0,0
2024-04-19\Beelink1_20240419_170000_59.fit,2024-04-19 17:00:00,0,0
2024-04-19\Beelink1_20240419_171500_59.fit,2024-04-19 17:15:00,0,0
2024-04-19/Beelink1_20240419_171500_59.fit,2024-04-19 17:15:00,6,1
2024-04-19/Beelink1_20240419_173000_59.fit,2024-04-19 17:30:00,6,1
2024-04-19\Beelink1_20240419_173000_59.fit,2024-04-19 17:30:00,0,0
2024-04-19\Beelink1_20240419_174500_59.fit,2024-04-19 17:45:00,0,0
2024-04-19\Beelink1_20240419_180000_59.fit,2024-04-19 18:00:00,0,0
2024-04-19/Beelink1_20240419_180000_59.fit,2024-04-19 18:00:00,6,1
2024-04-19/Beelink1_20240419_181500_59.fit,2024-04-19 18:15:00,6,1
2024-04-19\Beelink1_20240419_181500_59.fit,2024-04-19 18:15:00,0,0
2024-04-19\Beelink1_20240419_183000_59.fit,2024-04-19 18:30:00,0,0
2024-04-19\Beelink1_20240419_184500_59.fit,2024-04-19 18:45:00,0,0
2024-04-19\Beelink1_20240419_190000_59.fit,2024-04-19 19:00:00,0,0
2024-04-19\Beelink1_20240419_191500_59.fit,2024-04-19 19:15:00,0,0
2024-04-19\Beelink1_20240419_193000_59.fit,2024-04-19 19:30:00,0,0
2024-04-19\Beelink1_20240419_194500_59.fit,2024-04-19 19:45:00,0,0
2024-04-19\Beelink1_20240419_200000_59.fit,2024-04-19 20:00:00,0,0
2024-04-19\Beelink1_20240419_201500_59.fit,2024-04-19 20:15:00,0,0
2024-04-19\Beelink1_20240419_203000_59.fit,2024-04-19 20:30:00,0,0
2024-04-19\Beelink1_20240419_204500_59.fit,2024-04-19 20:45:00,0,0
2024-04-20/Beelink1_20240420_074500_59.fit,2024-04-20 07:45:00,3,1
2024-04-20/Beelink1_20240420_113000_59.fit,2024-04-20 11:30:00,3,1
2024-04-20/Beelink1_20240420_121500_59.fit,2024-04-20 12:15:00,6,1
2024-04-20/Beelink1_20240420_161500_59.fit,2024-04-20 16:15:00,6,1
2024-04-21\Beelink1_20240421_063000_59.fit,2024-04-21 06:30:00,0,0
2024-04-21/Beelink1_20240421_064500_59.fit,2024-04-21 06:45:00,3,1
2024-04-21\Beelink1_20240421_064500_59.fit,2024-04-21 06:45:00,0,0
2024-04-21\Beelink1_20240421_071500_59.fit,2024-04-21 07:15:00,0,0
2024-04-21\Beelink1_20240421_073000_59.fit,2024-04-21 07:30:00,0,0
2024-04-21\Beelink1_20240421_081500_59.fit,2024-04-21 08:15:00,0,0
2024-04-21\Beelink1_20240421_084500_59.fit,2024-04-21 08:45:00,0,0
2024-04-21\Beelink1_20240421_090000_59.fit,2024-04-21 09:00:00,0,0
2024-04-21\Beelink1_20240421_091500_59.fit,2024-04-21 09:15:00,0,0
2024-04-21\Beelink1_20240421_093000_59.fit,2024-04-21 09:30:00,0,0
2024-04-21\Beelink1_20240421_094500_59.fit,2024-04-21 09:45:00,0,0
2024-04-21\Beelink1_20240421_101500_59.fit,2024-04-21 10:15:00,0,0
2024-04-21\Beelink1_20240421_103000_59.fit,2024-04-21 10:30:00,0,0
2024-04-21\Beelink1_20240421_104500_59.fit,2024-04-21 10:45:00,0,0
2024-04-21\Beelink1_20240421_110000_59.fit,2024-04-21 11:00:00,0,0
2024-04-21/Beelink1_20240421_110000_59.fit,2024-04-21 11:00:00,5,1
2024-04-21\Beelink1_20240421_111500_59.fit,2024-04-21 11:15:00,0,0
2024-04-21\Beelink1_20240421_113000_59.fit,2024-04-21 11:30:00,0,0
2024-04-21\Beelink1_20240421_114500_59.fit,2024-04-21 11:45:00,0,0
2024-04-21\Beelink1_20240421_120000_59.fit,2024-04-21 12:00:00,0,0
2024-04-21\Beelink1_20240421_121500_59.fit,2024-04-21 12:15:00,0,0
2024-04-21\Beelink1_20240421_123000_59.fit,2024-04-21 12:30:00,0,0
2024-04-21\Beelink1_20240421_124500_59.fit,2024-04-21 12:45:00,0,0
2024-04-21\Beelink1_20240421_130000_59.fit,2024-04-21 13:00:00,0,0
2024-04-21\Beelink1_20240421_131500_59.fit,2024-04-21 13:15:00,0,0
2024-04-21\Beelink1_20240421_133000_59.fit,2024-04-21 13:30:00,0,0
2024-04-21\Beelink1_20240421_134500_59.fit,2024-04-21 13:45:00,0,0
2024-04-21/Beelink1_20240421_140000_59.fit,2024-04-21 14:00:00,3,1
2024-04-21\Beelink1_20240421_140000_59.fit,2024-04-21 14:00:00,0,0
2024-04-21\Beelink1_20240421_141500_59.fit,2024-04-21 14:15:00,0,0
2024-04-21\Beelink1_20240421_143000_59.fit,2024-04-21 14:30:00,0,0
2024-04-21\Beelink1_20240421_144500_59.fit,2024-04-21 14:45:00,0,0
2024-04-21\Beelink1_20240421_150000_59.fit,2024-04-21 15:00:00,0,0
2024-04-21\Beelink1_20240421_151500_59.fit,2024-04-21 15:15:00,0,0
2024-04-21\Beelink1_20240421_153000_59.fit,2024-04-21 15:30:00,0,0
2024-04-21\Beelink1_20240421_154500_59.fit,2024-04-21 15:45:00,0,0
2024-04-21\Beelink1_20240421_160000_59.fit,2024-04-21 16:00:00,0,0
2024-04-21\Beelink1_20240421_161500_59.fit,2024-04-21 16:15:00,0,0
2024-04-21\Beelink1_20240421_164500_59.fit,2024-04-21 16:45:00,0,0
2024-04-21\Beelink1_20240421_170000_59.fit,2024-04-21 17:00:00,0,0
2024-04-21\Beelink1_20240421_173000_59.fit,2024-04-21 17:30:00,0,0
2024-04-21\Beelink1_20240421_174500_59.fit,2024-04-21 17:45:00,0,0
2024-04-21/Beelink1_20240421_174500_59.fit,2024-04-21 17:45:00,6,1
2024-04-21\Beelink1_20240421_180000_59.fit,2024-04-21 18:00:00,0,0
2024-04-21\Beelink1_20240421_181500_59.fit,2024-04-21 18:15:00,0,0
2024-04-21\Beelink1_20240421_183000_59.fit,2024-04-21 18:30:00,0,0
2024-04-21\Beelink1_20240421_184500_59.fit,2024-04-21 18:45:00,0,0
2024-04-21\Beelink1_20240421_190000_59.fit,2024-04-21 19:00:00,0,0
2024-04-21\Beelink1_20240421_191500_59.fit,2024-04-21 19:15:00,0,0
2024-04-21\Beelink1_20240421_193000_59.fit,2024-04-21 19:30:00,0,0
2024-04-21\Beelink1_20240421_194500_59.fit,2024-04-21 19:45:00,0,0
2024-04-21\Beelink1_20240421_200000_59.fit,2024-04-21 20:00:00,0,0
2024-04-21\Beelink1_20240421_201500_59.fit,2024-04-21 20:15:00,0,0
2024-04-21\Beelink1_20240421_203000_59.fit,2024-04-21 20:30:00,0,0
2024-04-21\Beelink1_20240421_204500_59.fit,2024-04-21 20:45:00,0,0
2024-04-22/Beelink1_20240422_114500_59.fit,2024-04-22 11:45:00,3,1
2024-04-22/Beelink1_20240422_171500_59.fit,2024-04-22 17:15:00,2,1
2024-04-23/Beelink1_20240423_083000_59.fit,2024-04-23 08:30:00,3,1
2024-04-23/Beelink1_20240423_121500_59.fit,2024-04-23 12:15:00,3,1
2024-04-23/Beelink1_20240423_133000_59.fit,2024-04-23 13:30:00,3,1
2024-04-23/Beelink1_20240423_134500_59.fit,2024-04-23 13:45:00,2,1
2024-04-23/Beelink1_20240423_143000_59.fit,2024-04-23 14:30:00,3,1
2024-04-24/Beelink1_20240424_123000_59.fit,2024-04-24 12:30:00,3,1
2024-04-25\Beelink1_20240425_063000_59.fit,2024-04-25 06:30:00,0,0
2024-04-25\Beelink1_20240425_064500_59.fit,2024-04-25 06:45:00,0,0
2024-04-25\Beelink1_20240425_070000_59.fit,2024-04-25 07:00:00,0,0
2024-04-25\Beelink1_20240425_071500_59.fit,2024-04-25 07:15:00,0,0
2024-04-25\Beelink1_20240425_073000_59.fit,2024-04-25 07:30:00,0,0
2024-04-25\Beelink1_20240425_074500_59.fit,2024-04-25 07:45:00,0,0
2024-04-25\Beelink1_20240425_080000_59.fit,2024-04-25 08:00:00,0,0
2024-04-25\Beelink1_20240425_081500_59.fit,2024-04-25 08:15:00,0,0
2024-04-25\Beelink1_20240425_083000_59.fit,2024-04-25 08:30:00,0,0
2024-04-25\Beelink1_20240425_084500_59.fit,2024-04-25 08:45:00,0,0
2024-04-25/Beelink1_20240425_090000_59.fit,2024-04-25 09:00:00,5,1
2024-04-25\Beelink1_20240425_090000_59.fit,2024-04-25 09:00:00,0,0
2024-04-25\Beelink1_20240425_091500_59.fit,2024-04-25 09:15:00,0,0
2024-04-25\Beelink1_20240425_093000_59.fit,2024-04-25 09:30:00,0,0
2024-04-25\Beelink1_20240425_094500_59.fit,2024-04-25 09:45:00,0,0
2024-04-25\Beelink1_20240425_100000_59.fit,2024-04-25 10:00:00,0,0
2024-04-25\Beelink1_20240425_101500_59.fit,2024-04-25 10:15:00,0,0
2024-04-25\Beelink1_20240425_103000_59.fit,2024-04-25 10:30:00,0,0
2024-04-25\Beelink1_20240425_104500_59.fit,2024-04-25 10:45:00,0,0
2024-04-25\Beelink1_20240425_110000_59.fit,2024-04-25 11:00:00,0,0
2024-04-25\Beelink1_20240425_111500_59.fit,2024-04-25 11:15:00,0,0
2024-04-25\Beelink1_20240425_113000_59.fit,2024-04-25 11:30:00,0,0
2024-04-25\Beelink1_20240425_114500_59.fit,2024-04-25 11:45:00,0,0
2024-04-25\Beelink1_20240425_120000_59.fit,2024-04-25 12:00:00,0,0
2024-04-25\Beelink1_20240425_121500_59.fit,2024-04-25 12:15:00,0,0
2024-04-25\Beelink1_20240425_123000_59.fit,2024-04-25 12:30:00,0,0
2024-04-25\Beelink1_20240425_124500_59.fit,2024-04-25 12:45:00,0,0
2024-04-25/Beelink1_20240425_130000_59.fit,2024-04-25 13:00:00,3,1
2024-04-25\Beelink1_20240425_130000_59.fit,2024-04-25 13:00:00,0,0
2024-04-25\Beelink1_20240425_131500_59.fit,2024-04-25 13:15:00,0,0
2024-04-25\Beelink1_20240425_133000_59.fit,2024-04-25 13:30:00,0,0
2024-04-25\Beelink1_20240425_134500_59.fit,2024-04-25 13:45:00,0,0
2024-04-25\Beelink1_20240425_140000_59.fit,2024-04-25 14:00:00,0,0
2024-04-25\Beelink1_20240425_141500_59.fit,2024-04-25 14:15:00,0,0
2024-04-25\Beelink1_20240425_143000_59.fit,2024-04-25 14:30:00,0,0
2024-04-25\Beelink1_20240425_144500_59.fit,2024-04-25 14:45:00,0,0
2024-04-25\Beelink1_20240425_150000_59.fit,2024-04-25 15:00:00,0,0
2024-04-25\Beelink1_20240425_151500_59.fit,2024-04-25 15:15:00,0,0
2024-04-25\Beelink1_20240425_153000_59.fit,2024-04-25 15:30:00,0,0
2024-04-25\Beelink1_20240425_154500_59.fit,2024-04-25 15:45:00,0,0
2024-04-25\Beelink1_20240425_160000_59.fit,2024-04-25 16:00:00,0,0
2024-04-25\Beelink1_20240425_161500_59.fit,2024-04-25 16:15:00,0,0
2024-04-25\Beelink1_20240425_163000_59.fit,2024-04-25 16:30:00,0,0
2024-04-25\Beelink1_20240425_164500_59.fit,2024-04-25 16:45:00,0,0
2024-04-25\Beelink1_20240425_170000_59.fit,2024-04-25 17:00:00,0,0
2024-04-25\Beelink1_20240425_171500_59.fit,2024-04-25 17:15:00,0,0
2024-04-25\Beelink1_20240425_173000_59.fit,2024-04-25 17:30:00,0,0
2024-04-25\Beelink1_20240425_174500_59.fit,2024-04-25 17:45:00,0,0
2024-04-25\Beelink1_20240425_180000_59.fit,2024-04-25 18:00:00,0,0
2024-04-25\Beelink1_20240425_181500_59.fit,2024-04-25 18:15:00,0,0
2024-04-25\Beelink1_20240425_183000_59.fit,2024-04-25 18:30:00,0,0
2024-04-25\Beelink1_20240425_184500_59.fit,2024-04-25 18:45:00,0,0
2024-04-25\Beelink1_20240425_190000_59.fit,2024-04-25 19:00:00,0,0
2024-04-25\Beelink1_20240425_191500_59.fit,2024-04-25 19:15:00,0,0
2024-04-25\Beelink1_20240425_193000_59.fit,2024-04-25 19:30:00,0,0
2024-04-25\Beelink1_20240425_194500_59.fit,2024-04-25 19:45:00,0,0
2024-04-25\Beelink1_20240425_200000_59.fit,2024-04-25 20:00:00,0,0
2024-04-25\Beelink1_20240425_201500_59.fit,2024-04-25 20:15:00,0,0
2024-04-25\Beelink1_20240425_203000_59.fit,2024-04-25 20:30:00,0,0
2024-04-25\Beelink1_20240425_204500_59.fit,2024-04-25 20:45:00,0,0
2024-04-28\Beelink1_20240428_063000_59.fit,2024-04-28 06:30:00,0,0
2024-04-28\Beelink1_20240428_064500_59.fit,2024-04-28 06:45:00,0,0
2024-04-28\Beelink1_20240428_070000_59.fit,2024-04-28 07:00:00,0,0
2024-04-28\Beelink1_20240428_071500_59.fit,2024-04-28 07:15:00,0,0
2024-04-28\Beelink1_20240428_073000_59.fit,2024-04-28 07:30:00,0,0
2024-04-28\Beelink1_20240428_074500_59.fit,2024-04-28 07:45:00,0,0
2024-04-28\Beelink1_20240428_080000_59.fit,2024-04-28 08:00:00,0,0
2024-04-28\Beelink1_20240428_081500_59.fit,2024-04-28 08:15:00,0,0
2024-04-28\Beelink1_20240428_083000_59.fit,2024-04-28 08:30:00,0,0
2024-04-28\Beelink1_20240428_084500_59.fit,2024-04-28 08:45:00,0,0
2024-04-28\Beelink1_20240428_090000_59.fit,2024-04-28 09:00:00,0,0
2024-04-28\Beelink1_20240428_091500_59.fit,2024-04-28 09:15:00,0,0
2024-04-28\Beelink1_20240428_093000_59.fit,2024-04-28 09:30:00,0,0
2024-04-28\Beelink1_20240428_094500_59.fit,2024-04-28 09:45:00,0,0
2024-04-28\Beelink1_20240428_100000_59.fit,2024-04-28 10:00:00,0,0
2024-04-28\Beelink1_20240428_101500_59.fit,2024-04-28 10:15:00,0,0
2024-04-28\Beelink1_20240428_103000_59.fit,2024-04-28 10:30:00,0,0
2024-04-28\Beelink1_20240428_104500_59.fit,2024-04-28 10:45:00,0,0
2024-04-28\Beelink1_20240428_110000_59.fit,2024-04-28 11:00:00,0,0
2024-04-28\Beelink1_20240428_111500_59.fit,2024-04-28 11:15:00,0,0
2024-04-28\Beelink1_20240428_113000_59.fit,2024-04-28 11:30:00,0,0
2024-04-28\Beelink1_20240428_114500_59.fit,2024-04-28 11:45:00,0,0
2024-04-28\Beelink1_20240428_120000_59.fit,2024-04-28 12:00:00,0,0
2024-04-28\Beelink1_20240428_121500_59.fit,2024-04-28 12:15:00,0,0
2024-04-28\Beelink1_20240428_123000_59.fit,2024-04-28 12:30:00,0,0
2024-04-28\Beelink1_20240428_124500_59.fit,2024-04-28 12:45:00,0,0
2024-04-28\Beelink1_20240428_130000_59.fit,2024-04-28 13:00:00,0,0
2024-04-28\Beelink1_20240428_131500_59.fit,2024-04-28 13:15:00,0,0
2024-04-28\Beelink1_20240428_133000_59.fit,2024-04-28 13:30:00,0,0
2024-04-28\Beelink1_20240428_134500_59.fit,2024-04-28 13:45:00,0,0
2024-04-28\Beelink1_20240428_140000_59.fit,2024-04-28 14:00:00,0,0
2024-04-28\Beelink1_20240428_141500_59.fit,2024-04-28 14:15:00,0,0
2024-04-28\Beelink1_20240428_143000_59.fit,2024-04-28 14:30:00,0,0
2024-04-28\Beelink1_20240428_144500_59.fit,2024-04-28 14:45:00,0,0
2024-04-28\Beelink1_20240428_150000_59.fit,2024-04-28 15:00:00,0,0
2024-04-28\Beelink1_20240428_151500_59.fit,2024-04-28 15:15:00,0,0
2024-04-28\Beelink1_20240428_153000_59.fit,2024-04-28 15:30:00,0,0
2024-04-28\Beelink1_20240428_154500_59.fit,2024-04-28 15:45:00,0,0
2024-04-28\Beelink1_20240428_160000_59.fit,2024-04-28 16:00:00,0,0
2024-04-28\Beelink1_20240428_161500_59.fit,2024-04-28 16:15:00,0,0
2024-04-28\Beelink1_20240428_163000_59.fit,2024-04-28 16:30:00,0,0
2024-04-28\Beelink1_20240428_164500_59.fit,2024-04-28 16:45:00,0,0
2024-04-28\Beelink1_20240428_170000_59.fit,2024-04-28 17:00:00,0,0
2024-04-28\Beelink1_20240428_171500_59.fit,2024-04-28 17:15:00,0,0
2024-04-28\Beelink1_20240428_173000_59.fit,2024-04-28 17:30:00,0,0
2024-04-28\Beelink1_20240428_174500_59.fit,2024-04-28 17:45:00,0,0
2024-04-28\Beelink1_20240428_180000_59.fit,2024-04-28 18:00:00,0,0
2024-04-28\Beelink1_20240428_181500_59.fit,2024-04-28 18:15:00,0,0
2024-04-28\Beelink1_20240428_183000_59.fit,2024-04-28 18:30:00,0,0
2024-04-28\Beelink1_20240428_184500_59.fit,2024-04-28 18:45:00,0,0
2024-04-28\Beelink1_20240428_190000_59.fit,2024-04-28 19:00:00,0,0
2024-04-28\Beelink1_20240428_191500_59.fit,2024-04-28 19:15:00,0,0
2024-04-28\Beelink1_20240428_193000_59.fit,2024-04-28 19:30:00,0,0
2024-04-28\Beelink1_20240428_194500_59.fit,2024-04-28 19:45:00,0,0
2024-04-28\Beelink1_20240428_200000_59.fit,2024-04-28 20:00:00,0,0
2024-04-28\Beelink1_20240428_201500_59.fit,2024-04-28 20:15:00,0,0
2024-04-28\Beelink1_20240428_203000_59.fit,2024-04-28 20:30:00,0,0
2024-04-28\Beelink1_20240428_204500_59.fit,2024-04-28 20:45:00,0,0
2024-04-29\Beelink1_20240429_063000_59.fit,2024-04-29 06:30:00,0,0
2024-04-29\Beelink1_20240429_064500_59.fit,2024-04-29 06:45:00,0,0
2024-04-29\Beelink1_20240429_070000_59.fit,2024-04-29 07:00:00,0,0
2024-04-29\Beelink1_20240429_071500_59.fit,2024-04-29 07:15:00,0,0
2024-04-29\Beelink1_20240429_073000_59.fit,2024-04-29 07:30:00,0,0
2024-04-29\Beelink1_20240429_074500_59.fit,2024-04-29 07:45:00,0,0
2024-04-29\Beelink1_20240429_080000_59.fit,2024-04-29 08:00:00,0,0
2024-04-29\Beelink1_20240429_081500_59.fit,2024-04-29 08:15:00,0,0
2024-04-29\Beelink1_20240429_083000_59.fit,2024-04-29 08:30:00,0,0
2024-04-29\Beelink1_20240429_084500_59.fit,2024-04-29 08:45:00,0,0
2024-04-29\Beelink1_20240429_090000_59.fit,2024-04-29 09:00:00,0,0
2024-04-29\Beelink1_20240429_091500_59.fit,2024-04-29 09:15:00,0,0
2024-04-29\Beelink1_20240429_093000_59.fit,2024-04-29 09:30:00,0,0
2024-04-29\Beelink1_20240429_094500_59.fit,2024-04-29 09:45:00,0,0
2024-04-29\Beelink1_20240429_100000_59.fit,2024-04-29 10:00:00,0,0
2024-04-29\Beelink1_20240429_101500_59.fit,2024-04-29 10:15:00,0,0
2024-04-29\Beelink1_20240429_103000_59.fit,2024-04-29 10:30:00,0,0
2024-04-29\Beelink1_20240429_104500_59.fit,2024-04-29 10:45:00,0,0
2024-04-29\Beelink1_20240429_110000_59.fit,2024-04-29 11:00:00,0,0
2024-04-29\Beelink1_20240429_111500_59.fit,2024-04-29 11:15:00,0,0
2024-04-29\Beelink1_20240429_113000_59.fit,2024-04-29 11:30:00,0,0
2024-04-29\Beelink1_20240429_114500_59.fit,2024-04-29 11:45:00,0,0
2024-04-29\Beelink1_20240429_120000_59.fit,2024-04-29 12:00:00,0,0
2024-04-29\Beelink1_20240429_121500_59.fit,2024-04-29 12:15:00,0,0
2024-04-29\Beelink1_20240429_123000_59.fit,2024-04-29 12:30:00,0,0
2024-04-29\Beelink1_20240429_124500_59.fit,2024-04-29 12:45:00,0,0
2024-04-29\Beelink1_20240429_130000_59.fit,2024-04-29 13:00:00,0,0
2024-04-29\Beelink1_20240429_131500_59.fit,2024-04-29 13:15:00,0,0
2024-04-29\Beelink1_20240429_133000_59.fit,2024-04-29 13:30:00,0,0
2024-04-29\Beelink1_20240429_134500_59.fit,2024-04-29 13:45:00,0,0
2024-04-29\Beelink1_20240429_140000_59.fit,2024-04-29 14:00:00,0,0
2024-04-29\Beelink1_20240429_141500_59.fit,2024-04-29 14:15:00,0,0
2024-04-29\Beelink1_20240429_143000_59.fit,2024-04-29 14:30:00,0,0
2024-04-29\Beelink1_20240429_144500_59.fit,2024-04-29 14:45:00,0,0
2024-04-29\Beelink1_20240429_150000_59.fit,2024-04-29 15:00:00,0,0
2024-04-29\Beelink1_20240429_151500_59.fit,2024-04-29 15:15:00,0,0
2024-04-29\Beelink1_20240429_153000_59.fit,2024-04-29 15:30:00,0,0
2024-04-29\Beelink1_20240429_154500_59.fit,2024-04-29 15:45:00,0,0
2024-04-29\Beelink1_20240429_160000_59.fit,2024-04-29 16:00:00,0,0
2024-04-29\Beelink1_20240429_161500_59.fit,2024-04-29 16:15:00,0,0
2024-04-29\Beelink1_20240429_163000_59.fit,2024-04-29 16:30:00,0,0
2024-04-29\Beelink1_20240429_164500_59.fit,2024-04-29 16:45:00,0,0
2024-04-29\Beelink1_20240429_170000_59.fit,2024-04-29 17:00:00,0,0
2024-04-29\Beelink1_20240429_171500_59.fit,2024-04-29 17:15:00,0,0
2024-04-29\Beelink1_20240429_173000_59.fit,2024-04-29 17:30:00,0,0
2024-04-29\Beelink1_20240429_174500_59.fit,2024-04-29 17:45:00,0,0
2024-04-29\Beelink1_20240429_180000_59.fit,2024-04-29 18:00:00,0,0
2024-04-29\Beelink1_20240429_181500_59.fit,2024-04-29 18:15:00,0,0
2024-04-29\Beelink1_20240429_183000_59.fit,2024-04-29 18:30:00,0,0
2024-04-29\Beelink1_20240429_184500_59.fit,2024-04-29 18:45:00,0,0
2024-04-29\Beelink1_20240429_190000_59.fit,2024-04-29 19:00:00,0,0
2024-04-29\Beelink1_20240429_191500_59.fit,2024-04-29 19:15:00,0,0
2024-04-29\Beelink1_20240429_193000_59.fit,2024-04-29 19:30:00,0,0
2024-04-29\Beelink1_20240429_194500_59.fit,2024-04-29 19:45:00,0,0
2024-04-29\Beelink1_20240429_200000_59.fit,2024-04-29 20:00:00,0,0
2024-04-29\Beelink1_20240429_201500_59.fit,2024-04-29 20:15:00,0,0
2024-04-29\Beelink1_20240429_203000_59.fit,2024-04-29 20:30:00,0,0
2024-04-29\Beelink1_20240429_204500_59.fit,2024-04-29 20:45:00,0,0
2024-05-14\Beelink1_20240514_191500_01.fit,2024-05-14 19:15:00,0,0
2024-05-14\Beelink1_20240514_193000_01.fit,2024-05-14 19:30:00,0,0
2024-05-14\Beelink1_20240514_194500_01.fit,2024-05-14 19:45:00,0,0
2024-05-14\Beelink1_20240514_200000_01.fit,2024-05-14 20:00:00,0,0
2024-05-14\Beelink1_20240514_201500_01.fit,2024-05-14 20:15:00,0,0
2024-05-14\Beelink1_20240514_203000_59.fit,2024-05-14 20:30:00,0,0
2024-05-14\Beelink1_20240514_204500_59.fit,2024-05-14 20:45:00,0,0
2024-05-19/UMICH_20240519_080000_59.fit,2024-05-19 08:00:00,6,1
2024-05-19/UMICH_20240519_083000_59.fit,2024-05-19 08:30:00,6,1
2024-05-19/UMICH_20240519_091500_59.fit,2024-05-19 09:15:00,3,1
2024-05-19/UMICH_20240519_093000_59.fit,2024-05-19 09:30:00,6,1
2024-05-19/UMICH_20240519_111459_59.fit,2024-05-19 11:14:59,3,1
2024-05-19/UMICH_20240519_114459_59.fit,2024-05-19 11:44:59,3,1
2024-05-19/UMICH_20240519_131500_59.fit,2024-05-19 13:15:00,3,1
2024-05-19/UMICH_20240519_134500_59.fit,2024-05-19 13:45:00,3,1
2024-05-20/UMICH_20240520_100000_59.fit,2024-05-20 10:00:00,3,1
2024-05-21/UMICH_20240521_170000_59.fit,2024-05-21 17:00:00,6,1
2024-05-22\UMICH_20240522_063000_59.fit,2024-05-22 06:30:00,0,0
2024-05-22\UMICH_20240522_064500_59.fit,2024-05-22 06:45:00,0,0
2024-05-22\UMICH_20240522_070000_59.fit,2024-05-22 07:00:00,0,0
2024-05-22\UMICH_20240522_071500_59.fit,2024-05-22 07:15:00,0,0
2024-05-22\UMICH_20240522_073000_59.fit,2024-05-22 07:30:00,0,0
2024-05-22\UMICH_20240522_074500_59.fit,2024-05-22 07:45:00,0,0
2024-05-22\UMICH_20240522_080000_59.fit,2024-05-22 08:00:00,0,0
2024-05-22\UMICH_20240522_081500_59.fit,2024-05-22 08:15:00,0,0
2024-05-22\UMICH_20240522_083000_59.fit,2024-05-22 08:30:00,0,0
2024-05-22/UMICH_20240522_084500_59.fit,2024-05-22 08:45:00,6,1
2024-05-22\UMICH_20240522_084500_59.fit,2024-05-22 08:45:00,0,0
2024-05-22\UMICH_20240522_090000_59.fit,2024-05-22 09:00:00,0,0
2024-05-22\UMICH_20240522_091500_59.fit,2024-05-22 09:15:00,0,0
2024-05-22\UMICH_20240522_093000_59.fit,2024-05-22 09:30:00,0,0
2024-05-22\UMICH_20240522_094500_59.fit,2024-05-22 09:45:00,0,0
2024-05-22\UMICH_20240522_100000_59.fit,2024-05-22 10:00:00,0,0
2024-05-22\UMICH_20240522_101500_59.fit,2024-05-22 10:15:00,0,0
2024-05-22\UMICH_20240522_102959_59.fit,2024-05-22 10:29:59,0,0
2024-05-22\UMICH_20240522_104500_59.fit,2024-05-22 10:45:00,0,0
2024-05-22\UMICH_20240522_105959_59.fit,2024-05-22 10:59:59,0,0
2024-05-22\UMICH_20240522_111459_59.fit,2024-05-22 11:14:59,0,0
2024-05-22\UMICH_20240522_112959_59.fit,2024-05-22 11:29:59,0,0
2024-05-22\UMICH_20240522_114459_59.fit,2024-05-22 11:44:59,0,0
2024-05-22\UMICH_20240522_115959_59.fit,2024-05-22 11:59:59,0,0
2024-05-22\UMICH_20240522_121459_59.fit,2024-05-22 12:14:59,0,0
2024-05-22\UMICH_20240522_123000_59.fit,2024-05-22 12:30:00,0,0
2024-05-22\UMICH_20240522_124500_59.fit,2024-05-22 12:45:00,0,0
2024-05-22\UMICH_20240522_130000_59.fit,2024-05-22 13:00:00,0,0
2024-05-22\UMICH_20240522_131500_59.fit,2024-05-22 13:15:00,0,0
2024-05-22\UMICH_20240522_133000_59.fit,2024-05-22 13:30:00,0,0
2024-05-22\UMICH_20240522_134500_59.fit,2024-05-22 13:45:00,0,0
2024-05-22\UMICH_20240522_140000_59.fit,2024-05-22 14:00:00,0,0
2024-05-22\UMICH_20240522_141500_59.fit,2024-05-22 14:15:00,0,0
2024-05-22\UMICH_20240522_143000_59.fit,2024-05-22 14:30:00,0,0
2024-05-22\UMICH_20240522_144500_59.fit,2024-05-22 14:45:00,0,0
2024-05-22\UMICH_20240522_150000_59.fit,2024-05-22 15:00:00,0,0
2024-05-22\UMICH_20240522_151500_59.fit,2024-05-22 15:15:00,0,0
2024-05-22\UMICH_20240522_153000_59.fit,2024-05-22 15:30:00,0,0
2024-05-22\UMICH_20240522_154500_59.fit,2024-05-22 15:45:00,0,0
2024-05-22\UMICH_20240522_160000_59.fit,2024-05-22 16:00:00,0,0
2024-05-22\UMICH_20240522_161500_59.fit,2024-05-22 16:15:00,0,0
2024-05-22\UMICH_20240522_163000_59.fit,2024-05-22 16:30:00,0,0
2024-05-22\UMICH_20240522_164500_59.fit,2024-05-22 16:45:00,0,0
2024-05-22\UMICH_20240522_170000_59.fit,2024-05-22 17:00:00,0,0
2024-05-22\UMICH_20240522_171500_59.fit,2024-05-22 17:15:00,0,0
2024-05-22\UMICH_20240522_173000_59.fit,2024-05-22 17:30:00,0,0
2024-05-22\UMICH_20240522_174500_59.fit,2024-05-22 17:45:00,0,0
2024-05-22\UMICH_20240522_180000_59.fit,2024-05-22 18:00:00,0,0
2024-05-22\UMICH_20240522_181500_59.fit,2024-05-22 18:15:00,0,0
2024-05-22\UMICH_20240522_183000_59.fit,2024-05-22 18:30:00,0,0
2024-05-22\UMICH_20240522_184500_59.fit,2024-05-22 18:45:00,0,0
2024-05-22\UMICH_20240522_190000_59.fit,2024-05-22 19:00:00,0,0
2024-05-22\UMICH_20240522_191500_59.fit,2024-05-22 19:15:00,0,0
2024-05-22\UMICH_20240522_193000_59.fit,2024-05-22 19:30:00,0,0
2024-05-22\UMICH_20240522_194500_59.fit,2024-05-22 19:45:00,0,0
2024-05-22\UMICH_20240522_200000_59.fit,2024-05-22 20:00:00,0,0
2024-05-22\UMICH_20240522_201500_59.fit,2024-05-22 20:15:00,0,0
2024-05-22\UMICH_20240522_203000_59.fit,2024-05-22 20:30:00,0,0
2024-05-22\UMICH_20240522_204500_59.fit,2024-05-22 20:45:00,0,0
2024-05-23/UMICH_20240523_084500_59.fit,2024-05-23 08:45:00,6,1
2024-05-23/UMICH_20240523_090000_59.fit,2024-05-23 09:00:00,6,1
2024-05-24\UMICH_20240524_063000_59.fit,2024-05-24 06:30:00,0,0
2024-05-24\UMICH_20240524_064500_59.fit,2024-05-24 06:45:00,0,0
2024-05-24\UMICH_20240524_070000_59.fit,2024-05-24 07:00:00,0,0
2024-05-24\UMICH_20240524_071500_59.fit,2024-05-24 07:15:00,0,0
2024-05-24\UMICH_20240524_073000_59.fit,2024-05-24 07:30:00,0,0
2024-05-24\UMICH_20240524_074500_59.fit,2024-05-24 07:45:00,0,0
2024-05-24\UMICH_20240524_080000_59.fit,2024-05-24 08:00:00,0,0
2024-05-24\UMICH_20240524_081500_59.fit,2024-05-24 08:15:00,0,0
2024-05-24\UMICH_20240524_083000_59.fit,2024-05-24 08:30:00,0,0
2024-05-24\UMICH_20240524_084500_59.fit,2024-05-24 08:45:00,0,0
2024-05-24/UMICH_20240524_084500_59.fit,2024-05-24 08:45:00,5,1
2024-05-24\UMICH_20240524_090000_59.fit,2024-05-24 09:00:00,0,0
2024-05-24\UMICH_20240524_091500_59.fit,2024-05-24 09:15:00,0,0
2024-05-24\UMICH_20240524_093000_59.fit,2024-05-24 09:30:00,0,0
2024-05-24\UMICH_20240524_094500_59.fit,2024-05-24 09:45:00,0,0
2024-05-24\UMICH_20240524_100000_59.fit,2024-05-24 10:00:00,0,0
2024-05-24\UMICH_20240524_101500_59.fit,2024-05-24 10:15:00,0,0
2024-05-24\UMICH_20240524_103000_59.fit,2024-05-24 10:30:00,0,0
2024-05-24\UMICH_20240524_104459_59.fit,2024-05-24 10:44:59,0,0
2024-05-24\UMICH_20240524_105959_59.fit,2024-05-24 10:59:59,0,0
2024-05-24\UMICH_20240524_111459_59.fit,2024-05-24 11:14:59,0,0
2024-05-24\UMICH_20240524_112959_59.fit,2024-05-24 11:29:59,0,0
2024-05-24\UMICH_20240524_114459_59.fit,2024-05-24 11:44:59,0,0
2024-05-24\UMICH_20240524_115959_59.fit,2024-05-24 11:59:59,0,0
2024-05-24\UMICH_20240524_121459_59.fit,2024-05-24 12:14:59,0,0
2024-05-24\UMICH_20240524_123000_59.fit,2024-05-24 12:30:00,0,0
2024-05-24\UMICH_20240524_124500_59.fit,2024-05-24 12:45:00,0,0
2024-05-24\UMICH_20240524_130000_59.fit,2024-05-24 13:00:00,0,0
2024-05-24\UMICH_20240524_131500_59.fit,2024-05-24 13:15:00,0,0
2024-05-24\UMICH_20240524_133000_59.fit,2024-05-24 13:30:00,0,0
2024-05-24\UMICH_20240524_134500_59.fit,2024-05-24 13:45:00,0,0
2024-05-24\UMICH_20240524_140000_59.fit,2024-05-24 14:00:00,0,0
2024-05-24\UMICH_20240524_141500_59.fit,2024-05-24 14:15:00,0,0
2024-05-24\UMICH_20240524_143000_59.fit,2024-05-24 14:30:00,0,0
2024-05-24\UMICH_20240524_144500_59.fit,2024-05-24 14:45:00,0,0
2024-05-24\UMICH_20240524_150000_59.fit,2024-05-24 15:00:00,0,0
2024-05-24\UMICH_20240524_151500_59.fit,2024-05-24 15:15:00,0,0
2024-05-24\UMICH_20240524_153000_59.fit,2024-05-24 15:30:00,0,0
2024-05-24\UMICH_20240524_154500_59.fit,2024-05-24 15:45:00,0,0
2024-05-24\UMICH_20240524_160000_59.fit,2024-05-24 16:00:00,0,0
2024-05-24\UMICH_20240524_161500_59.fit,2024-05-24 16:15:00,0,0
2024-05-24\UMICH_20240524_163000_59.fit,2024-05-24 16:30:00,0,0
2024-05-24\UMICH_20240524_164500_59.fit,2024-05-24 16:45:00,0,0
2024-05-24\UMICH_20240524_170000_59.fit,2024-05-24 17:00:00,0,0
2024-05-24\UMICH_20240524_171500_59.fit,2024-05-24 17:15:00,0,0
2024-05-24\UMICH_20240524_173000_59.fit,2024-05-24 17:30:00,0,0
2024-05-24\UMICH_20240524_174500_59.fit,2024-05-24 17:45:00,0,0
2024-05-24\UMICH_20240524_180000_59.fit,2024-05-24 18:00:00,0,0
2024-05-24\UMICH_20240524_181500_59.fit,2024-05-24 18:15:00,0,0
2024-05-24\UMICH_20240524_183000_59.fit,2024-05-24 18:30:00,0,0
2024-05-24\UMICH_20240524_184500_59.fit,2024-05-24 18:45:00,0,0
2024-05-24\UMICH_20240524_190000_59.fit,2024-05-24 19:00:00,0,0
2024-05-24\UMICH_20240524_191500_59.fit,2024-05-24 19:15:00,0,0
2024-05-24\UMICH_20240524_193000_59.fit,2024-05-24 19:30:00,0,0
2024-05-24\UMICH_20240524_194500_59.fit,2024-05-24 19:45:00,0,0
2024-05-24\UMICH_20240524_200000_59.fit,2024-05-24 20:00:00,0,0
2024-05-24\UMICH_20240524_201500_59.fit,2024-05-24 20:15:00,0,0
2024-05-24\UMICH_20240524_203000_59.fit,2024-05-24 20:30:00,0,0
2024-05-24\UMICH_20240524_204500_59.fit,2024-05-24 20:45:00,0,0
2024-05-27/UMICH_20240527_134500_59.fit,2024-05-27 13:45:00,3,1
2024-05-29/UMICH_20240529_104500_59.fit,2024-05-29 10:45:00,2,1
2024-05-31\UMICH_20240531_063000_59.fit,2024-05-31 06:30:00,0,0
2024-05-31\UMICH_20240531_064500_59.fit,2024-05-31 06:45:00,0,0
2024-05-31\UMICH_20240531_070000_59.fit,2024-05-31 07:00:00,0,0
2024-05-31\UMICH_20240531_071500_59.fit,2024-05-31 07:15:00,0,0
2024-05-31\UMICH_20240531_073000_59.fit,2024-05-31 07:30:00,0,0
2024-05-31\UMICH_20240531_074500_59.fit,2024-05-31 07:45:00,0,0
2024-05-31\UMICH_20240531_080000_59.fit,2024-05-31 08:00:00,0,0
2024-05-31\UMICH_20240531_081459_59.fit,2024-05-31 08:14:59,0,0
2024-05-31\UMICH_20240531_083000_59.fit,2024-05-31 08:30:00,0,0
2024-05-31\UMICH_20240531_084500_59.fit,2024-05-31 08:45:00,0,0
2024-05-31\UMICH_20240531_090000_59.fit,2024-05-31 09:00:00,0,0
2024-05-31\UMICH_20240531_091500_59.fit,2024-05-31 09:15:00,0,0
2024-05-31\UMICH_20240531_093000_59.fit,2024-05-31 09:30:00,0,0
2024-05-31\UMICH_20240531_094500_59.fit,2024-05-31 09:45:00,0,0
2024-05-31\UMICH_20240531_100000_59.fit,2024-05-31 10:00:00,0,0
2024-05-31\UMICH_20240531_101500_59.fit,2024-05-31 10:15:00,0,0
2024-05-31\UMICH_20240531_102959_59.fit,2024-05-31 10:29:59,0,0
2024-05-31\UMICH_20240531_104500_59.fit,2024-05-31 10:45:00,0,0
2024-05-31\UMICH_20240531_105959_59.fit,2024-05-31 10:59:59,0,0
2024-05-31\UMICH_20240531_111459_59.fit,2024-05-31 11:14:59,0,0
2024-05-31\UMICH_20240531_112959_59.fit,2024-05-31 11:29:59,0,0
2024-05-31\UMICH_20240531_114459_59.fit,2024-05-31 11:44:59,0,0
2024-05-31\UMICH_20240531_115959_59.fit,2024-05-31 11:59:59,0,0
2024-05-31\UMICH_20240531_121459_59.fit,2024-05-31 12:14:59,0,0
2024-05-31\UMICH_20240531_123000_59.fit,2024-05-31 12:30:00,0,0
2024-05-31\UMICH_20240531_124500_59.fit,2024-05-31 12:45:00,0,0
2024-05-31\UMICH_20240531_130000_59.fit,2024-05-31 13:00:00,0,0
2024-05-31\UMICH_20240531_131500_59.fit,2024-05-31 13:15:00,0,0
2024-05-31\UMICH_20240531_133000_59.fit,2024-05-31 13:30:00,0,0
2024-05-31\UMICH_20240531_134500_59.fit,2024-05-31 13:45:00,0,0
2024-05-31\UMICH_20240531_140000_59.fit,2024-05-31 14:00:00,0,0
2024-05-31\UMICH_20240531_141500_59.fit,2024-05-31 14:15:00,0,0
2024-05-31\UMICH_20240531_143000_59.fit,2024-05-31 14:30:00,0,0
2024-05-31\UMICH_20240531_144500_59.fit,2024-05-31 14:45:00,0,0
2024-05-31\UMICH_20240531_150000_59.fit,2024-05-31 15:00:00,0,0
2024-05-31\UMICH_20240531_151500_59.fit,2024-05-31 15:15:00,0,0
2024-05-31\UMICH_20240531_153000_59.fit,2024-05-31 15:30:00,0,0
2024-06-03/UMICH_20240603_123000_59.fit,2024-06-03 12:30:00,3,1
2024-06-07/UMICH_20240607_102959_59.fit,2024-06-07 10:29:59,3,1
2024-06-09\UMICH_20240609_063000_59.fit,2024-06-09 06:30:00,0,0
2024-06-09\UMICH_20240609_064500_59.fit,2024-06-09 06:45:00,0,0
2024-06-09\UMICH_20240609_070000_59.fit,2024-06-09 07:00:00,0,0
2024-06-09\UMICH_20240609_071500_59.fit,2024-06-09 07:15:00,0,0
2024-06-09\UMICH_20240609_073000_59.fit,2024-06-09 07:30:00,0,0
2024-06-09\UMICH_20240609_074500_59.fit,2024-06-09 07:45:00,0,0
2024-06-09\UMICH_20240609_080000_59.fit,2024-06-09 08:00:00,0,0
2024-06-09\UMICH_20240609_081500_59.fit,2024-06-09 08:15:00,0,0
2024-06-09\UMICH_20240609_083000_59.fit,2024-06-09 08:30:00,0,0
2024-06-09\UMICH_20240609_084500_59.fit,2024-06-09 08:45:00,0,0
2024-06-09\UMICH_20240609_090000_59.fit,2024-06-09 09:00:00,0,0
2024-06-09\UMICH_20240609_091500_59.fit,2024-06-09 09:15:00,0,0
2024-06-09\UMICH_20240609_093000_59.fit,2024-06-09 09:30:00,0,0
2024-06-09\UMICH_20240609_094500_59.fit,2024-06-09 09:45:00,0,0
2024-06-09\UMICH_20240609_100000_59.fit,2024-06-09 10:00:00,0,0
2024-06-09\UMICH_20240609_101500_59.fit,2024-06-09 10:15:00,0,0
2024-06-09\UMICH_20240609_102959_59.fit,2024-06-09 10:29:59,0,0
2024-06-09\UMICH_20240609_104459_59.fit,2024-06-09 10:44:59,0,0
2024-06-09\UMICH_20240609_105959_59.fit,2024-06-09 10:59:59,0,0
2024-06-09\UMICH_20240609_111459_59.fit,2024-06-09 11:14:59,0,0
2024-06-09\UMICH_20240609_112959_59.fit,2024-06-09 11:29:59,0,0
2024-06-09\UMICH_20240609_114459_59.fit,2024-06-09 11:44:59,0,0
2024-06-09\UMICH_20240609_115959_59.fit,2024-06-09 11:59:59,0,0
2024-06-09\UMICH_20240609_121459_59.fit,2024-06-09 12:14:59,0,0
2024-06-09\UMICH_20240609_123000_59.fit,2024-06-09 12:30:00,0,0
2024-06-09\UMICH_20240609_124500_59.fit,2024-06-09 12:45:00,0,0
2024-06-09\UMICH_20240609_130000_59.fit,2024-06-09 13:00:00,0,0
2024-06-09\UMICH_20240609_131500_59.fit,2024-06-09 13:15:00,0,0
2024-06-09\UMICH_20240609_133000_59.fit,2024-06-09 13:30:00,0,0
2024-06-09\UMICH_20240609_134500_59.fit,2024-06-09 13:45:00,0,0
2024-06-09\UMICH_20240609_140000_59.fit,2024-06-09 14:00:00,0,0
2024-06-09\UMICH_20240609_141500_59.fit,2024-06-09 14:15:00,0,0
2024-06-09\UMICH_20240609_143000_59.fit,2024-06-09 14:30:00,0,0
2024-06-09\UMICH_20240609_144500_59.fit,2024-06-09 14:45:00,0,0
2024-06-09\UMICH_20240609_150000_59.fit,2024-06-09 15:00:00,0,0
2024-06-09\UMICH_20240609_151500_59.fit,2024-06-09 15:15:00,0,0
2024-06-09\UMICH_20240609_153000_59.fit,2024-06-09 15:30:00,0,0
2024-06-09\UMICH_20240609_154500_59.fit,2024-06-09 15:45:00,0,0
2024-06-09\UMICH_20240609_160000_59.fit,2024-06-09 16:00:00,0,0
2024-06-09\UMICH_20240609_161500_59.fit,2024-06-09 16:15:00,0,0
2024-06-09\UMICH_20240609_163000_59.fit,2024-06-09 16:30:00,0,0
2024-06-09\UMICH_20240609_164500_59.fit,2024-06-09 16:45:00,0,0
2024-06-09\UMICH_20240609_170000_59.fit,2024-06-09 17:00:00,0,0
2024-06-09\UMICH_20240609_171500_59.fit,2024-06-09 17:15:00,0,0
2024-06-09\UMICH_20240609_173000_59.fit,2024-06-09 17:30:00,0,0
2024-06-09\UMICH_20240609_174500_59.fit,2024-06-09 17:45:00,0,0
2024-06-09\UMICH_20240609_180000_59.fit,2024-06-09 18:00:00,0,0
2024-06-09\UMICH_20240609_181500_59.fit,2024-06-09 18:15:00,0,0
2024-06-09\UMICH_20240609_183000_59.fit,2024-06-09 18:30:00,0,0
2024-06-09\UMICH_20240609_184500_59.fit,2024-06-09 18:45:00,0,0
2024-06-09\UMICH_20240609_190000_59.fit,2024-06-09 19:00:00,0,0
2024-06-09\UMICH_20240609_191500_59.fit,2024-06-09 19:15:00,0,0
2024-06-09\UMICH_20240609_193000_59.fit,2024-06-09 19:30:00,0,0
2024-06-09\UMICH_20240609_194500_59.fit,2024-06-09 19:45:00,0,0
2024-06-09\UMICH_20240609_200000_59.fit,2024-06-09 20:00:00,0,0
2024-06-09\UMICH_20240609_201500_59.fit,2024-06-09 20:15:00,0,0
2024-06-09\UMICH_20240609_203000_59.fit,2024-06-09 20:30:00,0,0
2024-06-09\UMICH_20240609_204500_59.fit,2024-06-09 20:45:00,0,0
2024-06-11\UMICH_20240611_063000_59.fit,2024-06-11 06:30:00,0,0
2024-06-11\UMICH_20240611_064500_59.fit,2024-06-11 06:45:00,0,0
2024-06-11\UMICH_20240611_070000_59.fit,2024-06-11 07:00:00,0,0
2024-06-11\UMICH_20240611_071500_59.fit,2024-06-11 07:15:00,0,0
2024-06-11\UMICH_20240611_073000_59.fit,2024-06-11 07:30:00,0,0
2024-06-11\UMICH_20240611_074500_59.fit,2024-06-11 07:45:00,0,0
2024-06-11\UMICH_20240611_080000_59.fit,2024-06-11 08:00:00,0,0
2024-06-11\UMICH_20240611_081500_59.fit,2024-06-11 08:15:00,0,0
2024-06-11\UMICH_20240611_083000_59.fit,2024-06-11 08:30:00,0,0
2024-06-11\UMICH_20240611_084500_59.fit,2024-06-11 08:45:00,0,0
2024-06-11\UMICH_20240611_090000_59.fit,2024-06-11 09:00:00,0,0
2024-06-11\UMICH_20240611_091500_59.fit,2024-06-11 09:15:00,0,0
2024-06-11\UMICH_20240611_093000_59.fit,2024-06-11 09:30:00,0,0
2024-06-11\UMICH_20240611_094500_59.fit,2024-06-11 09:45:00,0,0
2024-06-11\UMICH_20240611_100000_59.fit,2024-06-11 10:00:00,0,0
2024-06-11\UMICH_20240611_101459_59.fit,2024-06-11 10:14:59,0,0
2024-06-11\UMICH_20240611_102959_59.fit,2024-06-11 10:29:59,0,0
2024-06-11\UMICH_20240611_104459_59.fit,2024-06-11 10:44:59,0,0
2024-06-11\UMICH_20240611_105959_59.fit,2024-06-11 10:59:59,0,0
2024-06-11\UMICH_20240611_111459_59.fit,2024-06-11 11:14:59,0,0
2024-06-11\UMICH_20240611_112959_59.fit,2024-06-11 11:29:59,0,0
2024-06-11\UMICH_20240611_114459_59.fit,2024-06-11 11:44:59,0,0
2024-06-11\UMICH_20240611_115959_59.fit,2024-06-11 11:59:59,0,0
2024-06-11\UMICH_20240611_121459_59.fit,2024-06-11 12:14:59,0,0
2024-06-11\UMICH_20240611_123000_59.fit,2024-06-11 12:30:00,0,0
2024-06-11/UMICH_20240611_123000_59.fit,2024-06-11 12:30:00,3,1
2024-06-11\UMICH_20240611_124500_59.fit,2024-06-11 12:45:00,0,0
2024-06-11\UMICH_20240611_130000_59.fit,2024-06-11 13:00:00,0,0
2024-06-11\UMICH_20240611_131500_59.fit,2024-06-11 13:15:00,0,0
2024-06-11\UMICH_20240611_133000_59.fit,2024-06-11 13:30:00,0,0
2024-06-11\UMICH_20240611_134500_59.fit,2024-06-11 13:45:00,0,0
2024-06-11\UMICH_20240611_140000_59.fit,2024-06-11 14:00:00,0,0
2024-06-11\UMICH_20240611_141500_59.fit,2024-06-11 14:15:00,0,0
2024-06-11\UMICH_20240611_143000_59.fit,2024-06-11 14:30:00,0,0
2024-06-11\UMICH_20240611_144500_59.fit,2024-06-11 14:45:00,0,0
2024-06-11\UMICH_20240611_150000_59.fit,2024-06-11 15:00:00,0,0
2024-06-11\UMICH_20240611_151500_59.fit,2024-06-11 15:15:00,0,0
2024-06-11\UMICH_20240611_153000_59.fit,2024-06-11 15:30:00,0,0
2024-06-11\UMICH_20240611_154500_59.fit,2024-06-11 15:45:00,0,0
2024-06-11\UMICH_20240611_160000_59.fit,2024-06-11 16:00:00,0,0
2024-06-11\UMICH_20240611_161500_59.fit,2024-06-11 16:15:00,0,0
2024-06-11\UMICH_20240611_163000_59.fit,2024-06-11 16:30:00,0,0
2024-06-11\UMICH_20240611_164500_59.fit,2024-06-11 16:45:00,0,0
2024-06-11\UMICH_20240611_170000_59.fit,2024-06-11 17:00:00,0,0
2024-06-11\UMICH_20240611_171500_59.fit,2024-06-11 17:15:00,0,0
2024-06-11\UMICH_20240611_173000_59.fit,2024-06-11 17:30:00,0,0
2024-06-11\UMICH_20240611_174500_59.fit,2024-06-11 17:45:00,0,0
2024-06-11\UMICH_20240611_180000_59.fit,2024-06-11 18:00:00,0,0
2024-06-11\UMICH_20240611_181500_59.fit,2024-06-11 18:15:00,0,0
2024-06-11\UMICH_20240611_183000_59.fit,2024-06-11 18:30:00,0,0
2024-06-11\UMICH_20240611_184500_59.fit,2024-06-11 18:45:00,0,0
2024-06-11\UMICH_20240611_190000_59.fit,2024-06-11 19:00:00,0,0
2024-06-11\UMICH_20240611_191500_59.fit,2024-06-11 19:15:00,0,0
2024-06-11\UMICH_20240611_193000_59.fit,2024-06-11 19:30:00,0,0
2024-06-11\UMICH_20240611_194500_59.fit,2024-06-11 19:45:00,0,0
2024-06-11\UMICH_20240611_200000_59.fit,2024-06-11 20:00:00,0,0
2024-06-11\UMICH_20240611_201500_59.fit,2024-06-11 20:15:00,0,0
2024-06-11\UMICH_20240611_203000_59.fit,2024-06-11 20:30:00,0,0
2024-06-11\UMICH_20240611_204500_59.fit,2024-06-11 20:45:00,0,0
2024-06-14\UMICH_20240614_063000_59.fit,2024-06-14 06:30:00,0,0
2024-06-14\UMICH_20240614_064500_59.fit,2024-06-14 06:45:00,0,0
2024-06-14\UMICH_20240614_070000_59.fit,2024-06-14 07:00:00,0,0
2024-06-14\UMICH_20240614_071500_59.fit,2024-06-14 07:15:00,0,0
2024-06-14\UMICH_20240614_073000_59.fit,2024-06-14 07:30:00,0,0
2024-06-14\UMICH_20240614_074500_59.fit,2024-06-14 07:45:00,0,0
2024-06-14\UMICH_20240614_080000_59.fit,2024-06-14 08:00:00,0,0
2024-06-14\UMICH_20240614_081500_59.fit,2024-06-14 08:15:00,0,0
2024-06-14\UMICH_20240614_083000_59.fit,2024-06-14 08:30:00,0,0
2024-06-14\UMICH_20240614_084500_59.fit,2024-06-14 08:45:00,0,0
2024-06-14\UMICH_20240614_090000_59.fit,2024-06-14 09:00:00,0,0
2024-06-14\UMICH_20240614_091500_59.fit,2024-06-14 09:15:00,0,0
2024-06-14\UMICH_20240614_093000_59.fit,2024-06-14 09:30:00,0,0
2024-06-14\UMICH_20240614_094500_59.fit,2024-06-14 09:45:00,0,0
2024-06-14\UMICH_20240614_100000_59.fit,2024-06-14 10:00:00,0,0
2024-06-14\UMICH_20240614_101500_59.fit,2024-06-14 10:15:00,0,0
2024-06-14\UMICH_20240614_102959_59.fit,2024-06-14 10:29:59,0,0
2024-06-14\UMICH_20240614_104500_59.fit,2024-06-14 10:45:00,0,0
2024-06-14\UMICH_20240614_105959_59.fit,2024-06-14 10:59:59,0,0
2024-06-14\UMICH_20240614_111459_59.fit,2024-06-14 11:14:59,0,0
2024-06-14\UMICH_20240614_112959_59.fit,2024-06-14 11:29:59,0,0
2024-06-14\UMICH_20240614_114459_59.fit,2024-06-14 11:44:59,0,0
2024-06-14\UMICH_20240614_115959_59.fit,2024-06-14 11:59:59,0,0
2024-06-14\UMICH_20240614_121459_59.fit,2024-06-14 12:14:59,0,0
2024-06-14\UMICH_20240614_123000_59.fit,2024-06-14 12:30:00,0,0
2024-06-14\UMICH_20240614_124500_59.fit,2024-06-14 12:45:00,0,0
2024-06-14\UMICH_20240614_130000_59.fit,2024-06-14 13:00:00,0,0
2024-06-14\UMICH_20240614_131500_59.fit,2024-06-14 13:15:00,0,0
2024-06-14\UMICH_20240614_133000_59.fit,2024-06-14 13:30:00,0,0
2024-06-14\UMICH_20240614_134500_59.fit,2024-06-14 13:45:00,0,0
2024-06-14\UMICH_20240614_140000_59.fit,2024-06-14 14:00:00,0,0
2024-06-14\UMICH_20240614_141500_59.fit,2024-06-14 14:15:00,0,0
2024-06-14\UMICH_20240614_143000_59.fit,2024-06-14 14:30:00,0,0
2024-06-14\UMICH_20240614_144500_59.fit,2024-06-14 14:45:00,0,0
2024-06-14\UMICH_20240614_150000_59.fit,2024-06-14 15:00:00,0,0
2024-06-14\UMICH_20240614_151500_59.fit,2024-06-14 15:15:00,0,0
2024-06-14\UMICH_20240614_153000_59.fit,2024-06-14 15:30:00,0,0
2024-06-14\UMICH_20240614_154500_59.fit,2024-06-14 15:45:00,0,0
2024-06-14\UMICH_20240614_160000_59.fit,2024-06-14 16:00:00,0,0
2024-06-14\UMICH_20240614_161500_59.fit,2024-06-14 16:15:00,0,0
2024-06-14\UMICH_20240614_163000_59.fit,2024-06-14 16:30:00,0,0
2024-06-14\UMICH_20240614_164500_59.fit,2024-06-14 16:45:00,0,0
2024-06-14\UMICH_20240614_170000_59.fit,2024-06-14 17:00:00,0,0
2024-06-14\UMICH_20240614_171500_59.fit,2024-06-14 17:15:00,0,0
2024-06-14\UMICH_20240614_173000_59.fit,2024-06-14 17:30:00,0,0
2024-06-14\UMICH_20240614_174500_59.fit,2024-06-14 17:45:00,0,0
2024-06-14\UMICH_20240614_180000_59.fit,2024-06-14 18:00:00,0,0
2024-06-14\UMICH_20240614_181459_59.fit,2024-06-14 18:14:59,0,0
2024-06-14\UMICH_20240614_183000_59.fit,2024-06-14 18:30:00,0,0
2024-06-14\UMICH_20240614_184500_59.fit,2024-06-14 18:45:00,0,0
2024-06-14\UMICH_20240614_190000_59.fit,2024-06-14 19:00:00,0,0
2024-06-14\UMICH_20240614_191500_59.fit,2024-06-14 19:15:00,0,0
2024-06-14\UMICH_20240614_193000_59.fit,2024-06-14 19:30:00,0,0
2024-06-14\UMICH_20240614_194500_59.fit,2024-06-14 19:45:00,0,0
2024-06-14\UMICH_20240614_200000_59.fit,2024-06-14 20:00:00,0,0
2024-06-14\UMICH_20240614_201500_59.fit,2024-06-14 20:15:00,0,0
2024-06-14\UMICH_20240614_203000_59.fit,2024-06-14 20:30:00,0,0
2024-06-14\UMICH_20240614_204500_59.fit,2024-06-14 20:45:00,0,0
2024-06-20/UMICH_20240620_133000_59.fit,2024-06-20 13:30:00,3,1
2024-06-21/UMICH_20240621_101500_59.fit,2024-06-21 10:15:00,7,1
2024-06-21/UMICH_20240621_193000_59.fit,2024-06-21 19:30:00,3,1
2024-06-21/UMICH_20240621_194500_59.fit,2024-06-21 19:45:00,2,1
2024-06-23\UMICH_20240623_063000_59.fit,2024-06-23 06:30:00,0,0
2024-06-23\UMICH_20240623_064500_59.fit,2024-06-23 06:45:00,0,0
2024-06-23\UMICH_20240623_070000_59.fit,2024-06-23 07:00:00,0,0
2024-06-23\UMICH_20240623_071500_59.fit,2024-06-23 07:15:00,0,0
2024-06-23\UMICH_20240623_073000_59.fit,2024-06-23 07:30:00,0,0
2024-06-23\UMICH_20240623_074500_59.fit,2024-06-23 07:45:00,0,0
2024-06-23\UMICH_20240623_080000_59.fit,2024-06-23 08:00:00,0,0
2024-06-23\UMICH_20240623_081500_59.fit,2024-06-23 08:15:00,0,0
2024-06-23\UMICH_20240623_083000_59.fit,2024-06-23 08:30:00,0,0
2024-06-23\UMICH_20240623_084500_59.fit,2024-06-23 08:45:00,0,0
2024-06-23\UMICH_20240623_090000_59.fit,2024-06-23 09:00:00,0,0
2024-06-23\UMICH_20240623_091500_59.fit,2024-06-23 09:15:00,0,0
2024-06-23\UMICH_20240623_093000_59.fit,2024-06-23 09:30:00,0,0
2024-06-23\UMICH_20240623_094500_59.fit,2024-06-23 09:45:00,0,0
2024-06-23\UMICH_20240623_100000_59.fit,2024-06-23 10:00:00,0,0
2024-06-23\UMICH_20240623_101500_59.fit,2024-06-23 10:15:00,0,0
2024-06-23\UMICH_20240623_103000_59.fit,2024-06-23 10:30:00,0,0
2024-06-23\UMICH_20240623_104459_59.fit,2024-06-23 10:44:59,0,0
2024-06-23\UMICH_20240623_105959_59.fit,2024-06-23 10:59:59,0,0
2024-06-23\UMICH_20240623_111459_59.fit,2024-06-23 11:14:59,0,0
2024-06-23\UMICH_20240623_112959_59.fit,2024-06-23 11:29:59,0,0
2024-06-23\UMICH_20240623_114459_59.fit,2024-06-23 11:44:59,0,0
2024-06-23\UMICH_20240623_115959_59.fit,2024-06-23 11:59:59,0,0
2024-06-23\UMICH_20240623_121459_59.fit,2024-06-23 12:14:59,0,0
2024-06-23\UMICH_20240623_123000_59.fit,2024-06-23 12:30:00,0,0
2024-06-23\UMICH_20240623_124500_59.fit,2024-06-23 12:45:00,0,0
2024-06-23\UMICH_20240623_130000_59.fit,2024-06-23 13:00:00,0,0
2024-06-23\UMICH_20240623_131500_59.fit,2024-06-23 13:15:00,0,0
2024-06-23\UMICH_20240623_133000_59.fit,2024-06-23 13:30:00,0,0
2024-06-23\UMICH_20240623_134500_59.fit,2024-06-23 13:45:00,0,0
2024-06-23\UMICH_20240623_140000_59.fit,2024-06-23 14:00:00,0,0
2024-06-23\UMICH_20240623_141500_59.fit,2024-06-23 14:15:00,0,0
2024-06-23\UMICH_20240623_143000_59.fit,2024-06-23 14:30:00,0,0
2024-06-23\UMICH_20240623_144500_59.fit,2024-06-23 14:45:00,0,0
2024-06-23\UMICH_20240623_150000_59.fit,2024-06-23 15:00:00,0,0
2024-06-23\UMICH_20240623_151500_59.fit,2024-06-23 15:15:00,0,0
2024-06-23\UMICH_20240623_153000_59.fit,2024-06-23 15:30:00,0,0
2024-06-23\UMICH_20240623_154500_59.fit,2024-06-23 15:45:00,0,0
2024-06-23\UMICH_20240623_160000_59.fit,2024-06-23 16:00:00,0,0
2024-06-23\UMICH_20240623_161459_59.fit,2024-06-23 16:14:59,0,0
2024-06-23\UMICH_20240623_163000_59.fit,2024-06-23 16:30:00,0,0
2024-06-23\UMICH_20240623_164500_59.fit,2024-06-23 16:45:00,0,0
2024-06-23\UMICH_20240623_170000_59.fit,2024-06-23 17:00:00,0,0
2024-06-23\UMICH_20240623_171500_59.fit,2024-06-23 17:15:00,0,0
2024-06-23\UMICH_20240623_173000_59.fit,2024-06-23 17:30:00,0,0
2024-06-23\UMICH_20240623_174500_59.fit,2024-06-23 17:45:00,0,0
2024-06-23\UMICH_20240623_180000_59.fit,2024-06-23 18:00:00,0,0
2024-06-23\UMICH_20240623_181500_59.fit,2024-06-23 18:15:00,0,0
2024-06-23\UMICH_20240623_183000_59.fit,2024-06-23 18:30:00,0,0
2024-06-23\UMICH_20240623_184500_59.fit,2024-06-23 18:45:00,0,0
2024-06-23\UMICH_20240623_190000_59.fit,2024-06-23 19:00:00,0,0
2024-06-23\UMICH_20240623_191500_59.fit,2024-06-23 19:15:00,0,0
2024-06-23\UMICH_20240623_193000_59.fit,2024-06-23 19:30:00,0,0
2024-06-23\UMICH_20240623_194500_59.fit,2024-06-23 19:45:00,0,0
2024-06-23\UMICH_20240623_200000_59.fit,2024-06-23 20:00:00,0,0
2024-06-23\UMICH_20240623_201500_59.fit,2024-06-23 20:15:00,0,0
2024-06-23\UMICH_20240623_203000_59.fit,2024-06-23 20:30:00,0,0
2024-06-23\UMICH_20240623_204500_59.fit,2024-06-23 20:45:00,0,0
2024-06-24/UMICH_20240624_123000_59.fit,2024-06-24 12:30:00,3,1
2024-06-25/UMICH_20240625_124500_59.fit,2024-06-25 12:45:00,3,1
2024-06-25/UMICH_20240625_181500_59.fit,2024-06-25 18:15:00,3,1
2024-06-26/UMICH_20240626_200000_59.fit,2024-06-26 20:00:00,3,1
2024-06-27/UMICH_20240627_073000_59.fit,2024-06-27 07:30:00,3,1
2024-06-27/UMICH_20240627_154500_59.fit,2024-06-27 15:45:00,3,1
2024-06-27/UMICH_20240627_170000_59.fit,2024-06-27 17:00:00,3,1
2024-06-27/UMICH_20240627_193000_59.fit,2024-06-27 19:30:00,5,1
2024-06-27/UMICH_20240627_194500_59.fit,2024-06-27 19:45:00,5,1
2024-06-28\UMICH_20240628_063000_59.fit,2024-06-28 06:30:00,0,0
2024-06-28\UMICH_20240628_064500_59.fit,2024-06-28 06:45:00,0,0
2024-06-28\UMICH_20240628_070000_59.fit,2024-06-28 07:00:00,0,0
2024-06-28\UMICH_20240628_071500_59.fit,2024-06-28 07:15:00,0,0
2024-06-28\UMICH_20240628_073000_59.fit,2024-06-28 07:30:00,0,0
2024-06-28\UMICH_20240628_074500_59.fit,2024-06-28 07:45:00,0,0
2024-06-28\UMICH_20240628_080000_59.fit,2024-06-28 08:00:00,0,0
2024-06-28\UMICH_20240628_081500_59.fit,2024-06-28 08:15:00,0,0
2024-06-28\UMICH_20240628_083000_59.fit,2024-06-28 08:30:00,0,0
2024-06-28\UMICH_20240628_084500_59.fit,2024-06-28 08:45:00,0,0
2024-06-28\UMICH_20240628_090000_59.fit,2024-06-28 09:00:00,0,0
2024-06-28\UMICH_20240628_091500_59.fit,2024-06-28 09:15:00,0,0
2024-06-28\UMICH_20240628_093000_59.fit,2024-06-28 09:30:00,0,0
2024-06-28\UMICH_20240628_094500_59.fit,2024-06-28 09:45:00,0,0
2024-06-28\UMICH_20240628_100000_59.fit,2024-06-28 10:00:00,0,0
2024-06-28\UMICH_20240628_101500_59.fit,2024-06-28 10:15:00,0,0
2024-06-28\UMICH_20240628_103000_59.fit,2024-06-28 10:30:00,0,0
2024-06-28\UMICH_20240628_104459_59.fit,2024-06-28 10:44:59,0,0
2024-06-28\UMICH_20240628_110000_59.fit,2024-06-28 11:00:00,0,0
2024-06-28\UMICH_20240628_111459_59.fit,2024-06-28 11:14:59,0,0
2024-06-28\UMICH_20240628_112959_59.fit,2024-06-28 11:29:59,0,0
2024-06-28\UMICH_20240628_114459_59.fit,2024-06-28 11:44:59,0,0
2024-06-28\UMICH_20240628_115959_59.fit,2024-06-28 11:59:59,0,0
2024-06-28\UMICH_20240628_121459_59.fit,2024-06-28 12:14:59,0,0
2024-06-28\UMICH_20240628_123000_59.fit,2024-06-28 12:30:00,0,0
2024-06-28\UMICH_20240628_124500_59.fit,2024-06-28 12:45:00,0,0
2024-06-28\UMICH_20240628_130000_59.fit,2024-06-28 13:00:00,0,0
2024-06-28\UMICH_20240628_131500_59.fit,2024-06-28 13:15:00,0,0
2024-06-28\UMICH_20240628_133000_59.fit,2024-06-28 13:30:00,0,0
2024-06-28\UMICH_20240628_134500_59.fit,2024-06-28 13:45:00,0,0
2024-06-28\UMICH_20240628_140000_59.fit,2024-06-28 14:00:00,0,0
2024-06-28\UMICH_20240628_141500_59.fit,2024-06-28 14:15:00,0,0
2024-06-28\UMICH_20240628_143000_59.fit,2024-06-28 14:30:00,0,0
2024-06-28\UMICH_20240628_144500_59.fit,2024-06-28 14:45:00,0,0
2024-06-28\UMICH_20240628_150000_59.fit,2024-06-28 15:00:00,0,0
2024-06-28\UMICH_20240628_151500_59.fit,2024-06-28 15:15:00,0,0
2024-06-28\UMICH_20240628_153000_59.fit,2024-06-28 15:30:00,0,0
2024-06-28\UMICH_20240628_154500_59.fit,2024-06-28 15:45:00,0,0
2024-06-28\UMICH_20240628_160000_59.fit,2024-06-28 16:00:00,0,0
2024-06-28\UMICH_20240628_161500_59.fit,2024-06-28 16:15:00,0,0
2024-06-28\UMICH_20240628_163000_59.fit,2024-06-28 16:30:00,0,0
2024-06-28\UMICH_20240628_164500_59.fit,2024-06-28 16:45:00,0,0
2024-06-28\UMICH_20240628_170000_59.fit,2024-06-28 17:00:00,0,0
2024-06-28\UMICH_20240628_171500_59.fit,2024-06-28 17:15:00,0,0
2024-06-28\UMICH_20240628_173000_59.fit,2024-06-28 17:30:00,0,0
2024-06-28\UMICH_20240628_174500_59.fit,2024-06-28 17:45:00,0,0
2024-06-28\UMICH_20240628_180000_59.fit,2024-06-28 18:00:00,0,0
2024-06-28\UMICH_20240628_181500_59.fit,2024-06-28 18:15:00,0,0
2024-06-28\UMICH_20240628_183000_59.fit,2024-06-28 18:30:00,0,0
2024-06-28\UMICH_20240628_184500_59.fit,2024-06-28 18:45:00,0,0
2024-06-28\UMICH_20240628_190000_59.fit,2024-06-28 19:00:00,0,0
2024-06-28\UMICH_20240628_191500_59.fit,2024-06-28 19:15:00,0,0
2024-06-28\UMICH_20240628_193000_59.fit,2024-06-28 19:30:00,0,0
2024-06-28\UMICH_20240628_194500_59.fit,2024-06-28 19:45:00,0,0
2024-06-28\UMICH_20240628_200000_59.fit,2024-06-28 20:00:00,0,0
2024-06-28\UMICH_20240628_201500_59.fit,2024-06-28 20:15:00,0,0
2024-06-28\UMICH_20240628_203000_59.fit,2024-06-28 20:30:00,0,0
2024-06-28\UMICH_20240628_204500_59.fit,2024-06-28 20:45:00,0,0
2024-07-01/UMICH_20240701_064500_59.fit,2024-07-01 06:45:00,3,1
2024-07-01/UMICH_20240701_093000_59.fit,2024-07-01 09:30:00,5,1
